pKa,Res ID,Seq ID,Sequence,Buried,Exposed
2.8,5,3EBX_A_nan_nan_6_HIS,RICFNHQSSQPQTTKTCSPGESSCYHKQWSDFRGTIIERGCGCPTVKPGIKLSCCESEVCNN,True,False
3.25,42,3SSI_A_nan_nan_43_HIS,DAPSALYAPSALVLTVGKGVSATTAAPERAVTLTCAPGPSGTHPAAGSACADLAAVGGDLNALTRGEDVMCPMVYDPVLLTVDGVWQGKRVSYERVFSNECEMNAHGSSVFAF,True,False
4.01,59,1H4G_B_nan_nan_60_HIS,EIVTDNSIGNHDGYDYEFWKDSGGSGTMILNHGGTFSAQWNNVNNILFRKGKKFNETQTHQQVGNMSINYGANFQPNGNAYLCVYGWTVDPLVEYYIVDSWGNWRPPGATPKGTITVDGGTYDIYETLRVNQPSIKGIATFKQYWSVRRSKRTSGTISVSNHFRAWENLGMNMGKMYEVALTVEGYQSSGSANVYSNTLRINGNPLS,True,False
4.57,30,2TGA_A_nan_nan_40_HIS,VDDDDKIVGGYTCGANTVPYQVSLNXXSGYHFCGGSLINSQWVVSAAHCYKSGIQVRLXGEDNINVVEGNEQFISASKSIVHPSYNSNTLNNDIMLIKLKSAASLNSRVASISLPTXSCASXAGTQCLISGWGNTKSSGTSYPDVLKCLKAPILSDSSCKSAYPGQITSNMFCAGYLEGGKDSCQGDSGGPVVCSGKXXXXLQGIVSWGSXGCAQKNKPGVYTKVCNYVSWIKQTIASN,True,False
5.18,82,6GST_A_nan_nan_83_HIS,PMILGYWNVRGLTHPIRLLLEYTDSSYEEKRYAMGDAPDYDRSQWLNEKFKLGLDFPNLPYLIDGSRKITQSNAIMRYLARKHHLCGETEEERIRADIVENQVMDNRMQLIMLCYNPDFEKQKPEFLKTIPEKMKLYSEFLGKRPWFAGDKVTYVDFLAYDILDQYHIFEPKCLDAFPNLKDFLARFEGLKKISAYMKSSRYLSTPIFSKLAQWSNK,True,False
5.4,91,1GYM_A_nan_nan_92_HIS,ASSVNELENWSKWMQPIPDSIPLARISIPGTHDSGTFKLQNPIKQVWGMTQEYDFRYQMDHGARIFDIRGRLTDDNTIVLHHGPLYLYVTLHEFINEAKQFLKDNPSETIIMSLKKEYEDMKGAEDSFSSTFEKKYFVDPIFLKTEGNIKLGDARGKIVLLKRYSGSNEPGGYNNFYWPDNETFTTTVNQNANVTVQDKYKVSYDEKVKSIKDTMDETMNNSEDLNHLYINFTSLSSGGTAWNSPYYYASYINPEIANYIKQKNPARVGWVIQDYINEKWSPLLYQEVIRANKSLIKE,False,True
5.46,112,1DUK_A_nan_nan_113_HIS,VLSEGEWQLVLHVWAKVEADVAGHGQDILIRLFKSHPETLEKFDRFKHLKTEAEMKASEDLKKHGVTVLTALGAILKKKGHHEAELKPLAQSHATKHKIPIKYLEFISEAIIHVLHSRHPGDFGADAQGAMNKALELFRKDIAAKYKELGYQG,True,False
5.64,45,2PYO_D_nan_nan_46_HIS,PPKTSGKAAKKAGKAQKNITKTDKKKKRKRKESYAIYIYKVLKQVHPDTGISSKAMSIMNSFVNDIFERIAAEASRLAHYNKRSTITSREIQTAVRLLLPGELAKHAVSEGTKAVTKYTSSK,True,False
5.73,123,1EY0_A_nan_nan_124_HIS,ATSTKKLHKEPATLIKAIDGDTVKLMYKGQPMTFRLLLVDTPETKHPKKGVEKYGPEASAFTKKMVENAKKIEVEFDKGQRTDKYGRGLAYIYADGKMVNEALVRQGLAKVAYVYKPNNTHEQHLRKSEAQAKKEKLNIWSEDNADSGQ,False,True
5.8,25,1ERA_A_nan_nan_26_HIS,RICFNHQSSQPQTTKTCSPGESSCYHKQWSDFRGTIIERGCGCPTVKPGIKLSCCESEVCNN,True,False
5.84,93,1FKS_A_nan_nan_94_HIS,GVQVETISPGDGRTFPKRGQTCVVHYTGMLEDGKKFDSSRDRNKPFKFMLGKQEVIRGWEEGVAQMSVGQRAKLTISPDYAYGATGHPGIIPPHATLVFDVELLKLE,False,True
5.84,69,2CPL_A_nan_nan_70_HIS,MVNPTVFFDIAVDGEPLGRVSFELFADKVPKTAENFRALSTGEKGFGYKGSCFHRIIPGFMCQGGDFTRHNGTGGKSIYGEKFEDENFILKHTGPGILSMANAGPNTNGSQFFICTAKTEWLDGKHVVFGKVKEGMNIVEAMERFGSRNGKTSKKITIADCGQLE,False,True
5.9,25,"1J7P_A_E127A,M144H_A_107_HIS",EEEIREAFRVFDKDGNGYISAAELRHVMTNLGEKLTDEEVDEMIRAADIDGDGQVNYEEFVQHMTAK,False,False
5.9,136,1DE3_A_E96Q_A_137_HIS,AVTWTCLNDQKNPKTNKYETKRLLYNQNKAESNSHHAPLSDGKTGSSYPHWFTNGYDGDGKLPKGRTPIKFGKSDCDRPPKHSKDGNGKTDHYLLQFPTFPDGHDYKFDSKKPKENPGPARVIYTYPNKVFCGIIAHTKENQGELKLCSH,False,False
6.0,11,1KF3_A_nan_nan_12_HIS,KETAAAKFERQHMDSSTSAASSSNYCNQMMKSRNLTKDRCKPVNTFVHESLADVQAVCSQKNVACKNGQTNCYQSYSTMSITDCRETGSSKYPNCAYKTTQANKHIIVACEGNPYVPVHFDASV,True,False
6.0,75,1POH_A_nan_nan_76_HIS,MFQQEVTITAPNGLHTRPAAQFVKEAKGFTSEITVTSNGKSASAKSLFKLQTLGLTQGTVVTISAEGEDEQKAVEHLVKLMAELE,True,False
6.2,5,2TRX_A_nan_nan_6_HIS,SDKIIHLTDDSFDTDVLKADGAILVDFWAEWCGPCKMIAPILDEIADEYQGKLTVAKLNIDQNPGTAPKYGIRGIPTLLLFKNGEVAATKVGALSKGQLKEFLDANLA,False,True
6.24,17,2ZTA_A_nan_nan_18_HIS,RMKQLEDKVEELLSKNYHLENEVARLKKLVG,False,True
6.25,27,6OBI_A_E28H_A_28_HIS,KQQEEEAERLRRIQEEMEKERKRREEDHQRRRKEEEERRMKLEMEAKRKQEEEERKKREDDEKRIQAE,False,False
6.3,101,1A2P_C_nan_nan_102_HIS,AQVINTFDGVADYLQTYHKLPDNYITKSEAQALGWVASKGNLADVAPGKSIGGDIFSNREGKLPGKSGRTWREADINYTSGFRNSDRILYSSDWLIYKTTDHYQTFTKIR,False,True
6.34,125,2CPL_A_nan_nan_126_HIS,MVNPTVFFDIAVDGEPLGRVSFELFADKVPKTAENFRALSTGEKGFGYKGSCFHRIIPGFMCQGGDFTRHNGTGGKSIYGEKFEDENFILKHTGPGILSMANAGPNTNGSQFFICTAKTEWLDGKHVVFGKVKEGMNIVEAMERFGSRNGKTSKKITIADCGQLE,True,False
6.35,84,1LNI_A_nan_nan_85_HIS,DVSGTVCLSALPPEATDTLNLIASDGPFPYSQDGVVFQNRESVLPTQSYGYYHEYTVITPGARTRGTRRIITGEATQEDYYTGDHYATFSLIDQTC,False,True
6.39,118,1DUK_A_nan_nan_119_HIS,VLSEGEWQLVLHVWAKVEADVAGHGQDILIRLFKSHPETLEKFDRFKHLKTEAEMKASEDLKKHGVTVLTALGAILKKKGHHEAELKPLAQSHATKHKIPIKYLEFISEAIIHVLHSRHPGDFGADAQGAMNKALELFRKDIAAKYKELGYQG,True,False
6.4,32,1HRC_A_nan_nan_33_HIS,GDVEKGKKIFVQKCAQCHTVEKGGKHKTGPNLHGLFGRKTGQAPGFTYTDANKNKGITWKEETLMEYLENPKKYIPGTKMIFAGIKKKTEREDLIAYLKKATNE,True,False
6.4,49,1DE3_A_E96Q_A_50_HIS,AVTWTCLNDQKNPKTNKYETKRLLYNQNKAESNSHHAPLSDGKTGSSYPHWFTNGYDGDGKLPKGRTPIKFGKSDCDRPPKHSKDGNGKTDHYLLQFPTFPDGHDYKFDSKKPKENPGPARVIYTYPNKVFCGIIAHTKENQGELKLCSH,False,False
6.47,62,"1J7P_A_E127A,M144H_A_144_HIS",EEEIREAFRVFDKDGNGYISAAELRHVMTNLGEKLTDEEVDEMIRAADIDGDGQVNYEEFVQHMTAK,False,False
6.5,118,1KF3_A_nan_nan_119_HIS,KETAAAKFERQHMDSSTSAASSSNYCNQMMKSRNLTKDRCKPVNTFVHESLADVQAVCSQKNVACKNGQTNCYQSYSTMSITDCRETGSSKYPNCAYKTTQANKHIIVACEGNPYVPVHFDASV,False,True
6.5,104,1NLX_A_nan_nan_505_HIS,MGKATTEEQKLIEDVNASFRAAMATTANVPPADKYKTFEAAFTVSSKRNLADAVSKAPQLVPKLDEVYNAAYNAADHAAPEDKYEAFVLHFSEALRIIAGTPEVHAVKPGA,False,True
6.51,86,1FKS_A_nan_nan_87_HIS,GVQVETISPGDGRTFPKRGQTCVVHYTGMLEDGKKFDSSRDRNKPFKFMLGKQEVIRGWEEGVAQMSVGQRAKLTISPDYAYGATGHPGIIPPHATLVFDVELLKLE,False,True
6.52,105,2PYO_D_nan_nan_106_HIS,PPKTSGKAAKKAGKAQKNITKTDKKKKRKRKESYAIYIYKVLKQVHPDTGISSKAMSIMNSFVNDIFERIAAEASRLAHYNKRSTITSREIQTAVRLLLPGELAKHAVSEGTKAVTKYTSSK,False,True
6.52,10,1H4G_B_nan_nan_11_HIS,EIVTDNSIGNHDGYDYEFWKDSGGSGTMILNHGGTFSAQWNNVNNILFRKGKKFNETQTHQQVGNMSINYGANFQPNGNAYLCVYGWTVDPLVEYYIVDSWGNWRPPGATPKGTITVDGGTYDIYETLRVNQPSIKGIATFKQYWSVRRSKRTSGTISVSNHFRAWENLGMNMGKMYEVALTVEGYQSSGSANVYSNTLRINGNPLS,True,False
6.58,80,1DUK_A_nan_nan_81_HIS,VLSEGEWQLVLHVWAKVEADVAGHGQDILIRLFKSHPETLEKFDRFKHLKTEAEMKASEDLKKHGVTVLTALGAILKKKGHHEAELKPLAQSHATKHKIPIKYLEFISEAIIHVLHSRHPGDFGADAQGAMNKALELFRKDIAAKYKELGYQG,False,True
6.63,115,1DUK_A_nan_nan_116_HIS,VLSEGEWQLVLHVWAKVEADVAGHGQDILIRLFKSHPETLEKFDRFKHLKTEAEMKASEDLKKHGVTVLTALGAILKKKGHHEAELKPLAQSHATKHKIPIKYLEFISEAIIHVLHSRHPGDFGADAQGAMNKALELFRKDIAAKYKELGYQG,False,True
6.7,1,1HHO_B_nan_nan_2_HIS,VHLTPEEKSAVTALWGKVNVDEVGGEALGRLLVVYPWTQRFFESFGDLSTPDAVMGNPKVKAHGKKVLGAFSDGLAHLDNLKGTFATLSELHCDKLHVDPENFRLLGNVLVCVLAHHFGKEFTPPVQAAYQKVVAGVANALAHKYH,False,True
6.79,27,1U2U_A_nan_nan_28_HIS,EVAQLEKEVAQLEAENYQLEQEVAQLEHEG,False,True
6.8,25,1QT8_A_H26H_A_26_HIS,MNIFEMLRIDEGLRLKIYKDTEGYYHIGIGHLLTKSPSLNAAKSELDKAIGRNTNGVITKDEAEKLFNQDVDAAVRGILRNAKLKPVYDSLDAVRRAALINMVFQMGETGVAGFTNSLRMLQQKRWDEAAVNLAKSRWYNQTPNRAKRVITTFRTGTWDAYKNL,False,False
6.88,63,1DUI_A_D99S_A_64_HIS,AKCVSYGVSQIKAPALHSQGYTGSNVKVAVIDSGIDSSHPDLNVAGGASFVPSETNPFQDNNSHGTHVAGTVLAXXXXXXXXXVAPSASLYAVKVLGASGSGQYSWIINGIEWAIANNMDVINMSLGGPSGSAALKAAVDKAVASGVVVVAAAGNEGTSGSSSTVGYPGKYPSVIAVGAVDSSNQRASFSSVGPELDVMAPGVSICSTLPGNKYGAKSGTSMASPHVAGAAALILSKHPNWTNTQVRSSLENTTTKLGNSFYYGKGLINVQAAAQ,False,False
6.9,226,1GYM_A_nan_nan_227_HIS,ASSVNELENWSKWMQPIPDSIPLARISIPGTHDSGTFKLQNPIKQVWGMTQEYDFRYQMDHGARIFDIRGRLTDDNTIVLHHGPLYLYVTLHEFINEAKQFLKDNPSETIIMSLKKEYEDMKGAEDSFSSTFEKKYFVDPIFLKTEGNIKLGDARGKIVLLKRYSGSNEPGGYNNFYWPDNETFTTTVNQNANVTVQDKYKVSYDEKVKSIKDTMDETMNNSEDLNHLYINFTSLSSGGTAWNSPYYYASYINPEIANYIKQKNPARVGWVIQDYINEKWSPLLYQEVIRANKSLIKE,True,False
6.9,81,1GYM_A_nan_nan_82_HIS,ASSVNELENWSKWMQPIPDSIPLARISIPGTHDSGTFKLQNPIKQVWGMTQEYDFRYQMDHGARIFDIRGRLTDDNTIVLHHGPLYLYVTLHEFINEAKQFLKDNPSETIIMSLKKEYEDMKGAEDSFSSTFEKKYFVDPIFLKTEGNIKLGDARGKIVLLKRYSGSNEPGGYNNFYWPDNETFTTTVNQNANVTVQDKYKVSYDEKVKSIKDTMDETMNNSEDLNHLYINFTSLSSGGTAWNSPYYYASYINPEIANYIKQKNPARVGWVIQDYINEKWSPLLYQEVIRANKSLIKE,True,False
6.9,115,1THE_A_nan_nan_110_HIS,FSEDINLPESFDAREQWSNCPTIAQIRDQGSCGSCWAFGAVEAMSDRICIHTNGRVNVEVSAEDLLTCCGIQCGDGCNGGYPSGAWNFWTRKGLVSGGVYNSHIGCLPYTIPPCEHHVNGARPPCTGEGDTPKCNKMCEAGYSTSYKEDKHYGYTSYSVSDSEKEIMAEIYKNGPVEGAFTVFSDFLTYKSGVYKHEAGDVMGGHAIRILGWGIENGVPYWLVANSWNADWGDNGFFKILRGENHCGIESEIVAGIPRTQ,True,False
6.94,49,3FT7_B_nan_nan_51_HIS,GRPYKLLNGIKLGVYIPQEWHDRLMEIAKEKNLTLSDVCRLAIKEYLDNHDKQKK,True,False
7.0,82,1B2V_A_Y75A_A_83_HIS,MAFSVNYDSSFGGYSIHDYLGQWASTFGDVNHTNGNVTDANSGGFYGGSLSGSQYAISSTANQVTAFVAGGNLTATLFNEPAHTLYGQLDSLSFGDGLSGGDTSPYSIQVPDVSFGGLNLSSLQAQGHDGVVHQVVYGLMSGDTGALETALNGILDDYGLSVNSTFDQVAAATAVGVQHADSPELLAA,False,False
7.0,145,1HHO_B_nan_nan_146_HIS,VHLTPEEKSAVTALWGKVNVDEVGGEALGRLLVVYPWTQRFFESFGDLSTPDAVMGNPKVKAHGKKVLGAFSDGLAHLDNLKGTFATLSELHCDKLHVDPENFRLLGNVLVCVLAHHFGKEFTPPVQAAYQKVVAGVANALAHKYH,False,True
7.0,61,1GOA_A_nan_nan_62_HIS,MLKQVEIFTDGSCLGNPGPGGYGAILRYRGREKTFSAGYTRTTNNRMELMAAIVALEALKEHCEVILSTDSQYVRQGITQWIHNWKKRGWKTADKKPVKNVDLWQRLDAALGQHQIKWEWVKGHAGHPENERCDELARAAAMNPTLEDTGYQVEV,False,True
7.08,83,6GST_A_nan_nan_84_HIS,PMILGYWNVRGLTHPIRLLLEYTDSSYEEKRYAMGDAPDYDRSQWLNEKFKLGLDFPNLPYLIDGSRKITQSNAIMRYLARKHHLCGETEEERIRADIVENQVMDNRMQLIMLCYNPDFEKQKPEFLKTIPEKMKLYSEFLGKRPWFAGDKVTYVDFLAYDILDQYHIFEPKCLDAFPNLKDFLARFEGLKKISAYMKSSRYLSTPIFSKLAQWSNK,False,True
7.2,91,1DE3_A_E96Q_A_92_HIS,AVTWTCLNDQKNPKTNKYETKRLLYNQNKAESNSHHAPLSDGKTGSSYPHWFTNGYDGDGKLPKGRTPIKFGKSDCDRPPKHSKDGNGKTDHYLLQFPTFPDGHDYKFDSKKPKENPGPARVIYTYPNKVFCGIIAHTKENQGELKLCSH,False,False
7.2,178,1B2V_A_Y75A_A_179_HIS,MAFSVNYDSSFGGYSIHDYLGQWASTFGDVNHTNGNVTDANSGGFYGGSLSGSQYAISSTANQVTAFVAGGNLTATLFNEPAHTLYGQLDSLSFGDGLSGGDTSPYSIQVPDVSFGGLNLSSLQAQGHDGVVHQVVYGLMSGDTGALETALNGILDDYGLSVNSTFDQVAAATAVGVQHADSPELLAA,False,False
7.29,101,1YPI_A_nan_nan_103_HIS,ARTFFVGGNFKLNGSKQSIKEIVERLNTASIPENVEVVICPPATYLDYSVSLVKKPQVTVGAQNAYLKASGAFTGENSVDQIKDVGAKWVILGHSERRSYFHEDDKFIADKTKFALGQGVGVILCIGETLEEKKAGKTLDVVERQLNAVLEEVKDWTNVVVAYEPVWAIGTGLAATPEDAQDIHASIRKFLASKLGDKAASELRILYGGSANGSNAVTFKDKADVDGFLVGGASLKPEFVDIINSRN,False,True
7.3,35,1DE3_A_E96Q_A_36_HIS,AVTWTCLNDQKNPKTNKYETKRLLYNQNKAESNSHHAPLSDGKTGSSYPHWFTNGYDGDGKLPKGRTPIKFGKSDCDRPPKHSKDGNGKTDHYLLQFPTFPDGHDYKFDSKKPKENPGPARVIYTYPNKVFCGIIAHTKENQGELKLCSH,False,False
7.3,89,1NLX_A_nan_nan_490_HIS,MGKATTEEQKLIEDVNASFRAAMATTANVPPADKYKTFEAAFTVSSKRNLADAVSKAPQLVPKLDEVYNAAYNAADHAAPEDKYEAFVLHFSEALRIIAGTPEVHAVKPGA,False,True
7.31,91,1BVI_B_nan_nan_92_HIS,ACDYTCGSNCYSSSDVSTAQAAGYKLHEDGETVGSNSYPHKYNNYEGFDFSVSSPYYEWPILSSGDVYSGGSPGADRVVFNENNQLAGVITHTGASGNNFVECT,True,False
7.33,47,2TGA_A_nan_nan_57_HIS,VDDDDKIVGGYTCGANTVPYQVSLNXXSGYHFCGGSLINSQWVVSAAHCYKSGIQVRLXGEDNINVVEGNEQFISASKSIVHPSYNSNTLNNDIMLIKLKSAASLNSRVASISLPTXSCASXAGTQCLISGWGNTKSSGTSYPDVLKCLKAPILSDSSCKSAYPGQITSNMFCAGYLEGGKDSCQGDSGGPVVCSGKXXXXLQGIVSWGSXGCAQKNKPGVYTKVCNYVSWIKQTIASN,True,False
7.5,31,1B2V_A_Y75A_A_32_HIS,MAFSVNYDSSFGGYSIHDYLGQWASTFGDVNHTNGNVTDANSGGFYGGSLSGSQYAISSTANQVTAFVAGGNLTATLFNEPAHTLYGQLDSLSFGDGLSGGDTSPYSIQVPDVSFGGLNLSSLQAQGHDGVVHQVVYGLMSGDTGALETALNGILDDYGLSVNSTFDQVAAATAVGVQHADSPELLAA,False,False
7.5,51,1PPF_I_nan_nan_52_HIS,LAAVSVDCSEYPKPACTLEYRPLCGSDNKTYGNKCNFCNAVVESNGTLTLSHFGKC,True,False
7.57,26,1BVI_B_nan_nan_27_HIS,ACDYTCGSNCYSSSDVSTAQAAGYKLHEDGETVGSNSYPHKYNNYEGFDFSVSSPYYEWPILSSGDVYSGGSPGADRVVFNENNQLAGVITHTGASGNNFVECT,True,False
7.6,31,1GYM_A_nan_nan_32_HIS,ASSVNELENWSKWMQPIPDSIPLARISIPGTHDSGTFKLQNPIKQVWGMTQEYDFRYQMDHGARIFDIRGRLTDDNTIVLHHGPLYLYVTLHEFINEAKQFLKDNPSETIIMSLKKEYEDMKGAEDSFSSTFEKKYFVDPIFLKTEGNIKLGDARGKIVLLKRYSGSNEPGGYNNFYWPDNETFTTTVNQNANVTVQDKYKVSYDEKVKSIKDTMDETMNNSEDLNHLYINFTSLSSGGTAWNSPYYYASYINPEIANYIKQKNPARVGWVIQDYINEKWSPLLYQEVIRANKSLIKE,True,False
7.75,17,1A2P_C_nan_nan_18_HIS,AQVINTFDGVADYLQTYHKLPDNYITKSEAQALGWVASKGNLADVAPGKSIGGDIFSNREGKLPGKSGRTWREADINYTSGFRNSDRILYSSDWLIYKTTDHYQTFTKIR,True,False
7.77,166,6GST_A_nan_nan_167_HIS,PMILGYWNVRGLTHPIRLLLEYTDSSYEEKRYAMGDAPDYDRSQWLNEKFKLGLDFPNLPYLIDGSRKITQSNAIMRYLARKHHLCGETEEERIRADIVENQVMDNRMQLIMLCYNPDFEKQKPEFLKTIPEKMKLYSEFLGKRPWFAGDKVTYVDFLAYDILDQYHIFEPKCLDAFPNLKDFLARFEGLKKISAYMKSSRYLSTPIFSKLAQWSNK,True,False
7.84,35,1DUK_A_nan_nan_36_HIS,VLSEGEWQLVLHVWAKVEADVAGHGQDILIRLFKSHPETLEKFDRFKHLKTEAEMKASEDLKKHGVTVLTALGAILKKKGHHEAELKPLAQSHATKHKIPIKYLEFISEAIIHVLHSRHPGDFGADAQGAMNKALELFRKDIAAKYKELGYQG,True,False
7.9,126,1GOA_A_nan_nan_127_HIS,MLKQVEIFTDGSCLGNPGPGGYGAILRYRGREKTFSAGYTRTTNNRMELMAAIVALEALKEHCEVILSTDSQYVRQGITQWIHNWKKRGWKTADKKPVKNVDLWQRLDAALGQHQIKWEWVKGHAGHPENERCDELARAAAMNPTLEDTGYQVEV,True,False
8.27,52,1LNI_A_nan_nan_53_HIS,DVSGTVCLSALPPEATDTLNLIASDGPFPYSQDGVVFQNRESVLPTQSYGYYHEYTVITPGARTRGTRRIITGEATQEDYYTGDHYATFSLIDQTC,True,False
8.6,204,1THE_A_nan_nan_199_HIS,FSEDINLPESFDAREQWSNCPTIAQIRDQGSCGSCWAFGAVEAMSDRICIHTNGRVNVEVSAEDLLTCCGIQCGDGCNGGYPSGAWNFWTRKGLVSGGVYNSHIGCLPYTIPPCEHHVNGARPPCTGEGDTPKCNKMCEAGYSTSYKEDKHYGYTSYSVSDSEKEIMAEIYKNGPVEGAFTVFSDFLTYKSGVYKHEAGDVMGGHAIRILGWGIENGVPYWLVANSWNADWGDNGFFKILRGENHCGIESEIVAGIPRTQ,True,False
8.9,30,1QT8_A_H26H_A_31_HIS,MNIFEMLRIDEGLRLKIYKDTEGYYHIGIGHLLTKSPSLNAAKSELDKAIGRNTNGVITKDEAEKLFNQDVDAAVRGILRNAKLKPVYDSLDAVRRAALINMVFQMGETGVAGFTNSLRMLQQKRWDEAAVNLAKSRWYNQTPNRAKRVITTFRTGTWDAYKNL,False,False
9.19,71,1DG9_A_nan_nan_72_HIS,AEQVTKSVLFVCLGNICRSPIAEAVFRKLVTDQNISDNWVIDSGAVSDWNVGRSPDPRAVSCLRNHGINTAHKARQVTKEDFVTFDYILCMDESNLRDLNRKSNQVKNCRAKIELLGSYDPQKQLIIEDPYYGNDADFETVYQQCVRCCRAFLEKVR,True,False
9.14,14,3FT7_B_nan_nan_16_TYR,GRPYKLLNGIKLGVYIPQEWHDRLMEIAKEKNLTLSDVCRLAIKEYLDNHDKQKK,False,True
9.66,3,3FT7_B_nan_nan_5_TYR,GRPYKLLNGIKLGVYIPQEWHDRLMEIAKEKNLTLSDVCRLAIKEYLDNHDKQKK,False,False
9.7,6,1ANS_A_nan_nan_7_TYR,RSCCPCYWGGCPWGQNCYPEGCSGPKV,False,True
9.8,22,2LZT_A_nan_nan_23_TYR,KVFGRCELAAAMKRHGLDNYRGYSLGNWVCAAKFESNFNTQATNRNTDGSTDYGILQINSRWWCNDGRTPGSRNLCNIPCSALLSSDITASVNCAKKIVSDGNGMNAWVAWRNRCKGTDVQAWIRGCRL,True,False
9.82,16,2ZTA_A_nan_nan_17_TYR,RMKQLEDKVEELLSKNYHLENEVARLKKLVG,False,True
10.3,102,1MBC_A_nan_nan_103_TYR,VLSEGEWQLVLHVWAKVEADVAGHGQDILIRLFKSHPETLEKFDRFKHLKTEAEMKASEDLKKHGVTVLTALGAILKKKGHHEAELKPLAQSHATKHKIPIKYLEFISEAIIHVLHSRHPGDFGADAQGAMNKALELFRKDIAAKYKELGYQG,True,False
10.3,19,2LZT_A_nan_nan_20_TYR,KVFGRCELAAAMKRHGLDNYRGYSLGNWVCAAKFESNFNTQATNRNTDGSTDYGILQINSRWWCNDGRTPGSRNLCNIPCSALLSSDITASVNCAKKIVSDGNGMNAWVAWRNRCKGTDVQAWIRGCRL,True,False
10.35,84,1BEG_A_nan_nan_85_TYR,TACTATQQTAAYKTLVSILSDASFNQCSTDSGYSMLTAKALPTTAQYKLMCASTACNTMIKKIVTLNPPNCDLTVPTSGLVLNVYSYANGFSNKCSSL,False,True
10.5,150,1MBC_A_nan_nan_151_TYR,VLSEGEWQLVLHVWAKVEADVAGHGQDILIRLFKSHPETLEKFDRFKHLKTEAEMKASEDLKKHGVTVLTALGAILKKKGHHEAELKPLAQSHATKHKIPIKYLEFISEAIIHVLHSRHPGDFGADAQGAMNKALELFRKDIAAKYKELGYQG,True,False
11.0,66,1HRC_A_nan_nan_67_TYR,GDVEKGKKIFVQKCAQCHTVEKGGKHKTGPNLHGLFGRKTGQAPGFTYTDANKNKGITWKEETLMEYLENPKKYIPGTKMIFAGIKKKTEREDLIAYLKKATNE,True,False
11.1,34,4PTI_A_nan_nan_35_TYR,RPDFCLEPPYTGPCKARIIRYFYNAKAGLCQTFVYGGCRAKRNNFKSAEDCMRTCGGA,True,False
11.1,20,4PTI_A_nan_nan_21_TYR,RPDFCLEPPYTGPCKARIIRYFYNAKAGLCQTFVYGGCRAKRNNFKSAEDCMRTCGGA,True,False
11.3,29,1RGG_A_nan_nan_30_TYR,DVSGTVCLSALPPEATDTLNLIASDGPFPYSQDGVVFQNRESVLPTQSYGYYHEYTVITPGARTRGTRRIITGEATQEDYYTGDHYATFSLIDQTC,True,False
12.1,52,2LZT_A_nan_nan_53_TYR,KVFGRCELAAAMKRHGLDNYRGYSLGNWVCAAKFESNFNTQATNRNTDGSTDYGILQINSRWWCNDGRTPGSRNLCNIPCSALLSSDITASVNCAKKIVSDGNGMNAWVAWRNRCKGTDVQAWIRGCRL,True,False
3.1,7,1A2P_C_nan_nan_8_ASP,AQVINTFDGVADYLQTYHKLPDNYITKSEAQALGWVASKGNLADVAPGKSIGGDIFSNREGKLPGKSGRTWREADINYTSGFRNSDRILYSSDWLIYKTTDHYQTFTKIR,False,True
3.8,11,1A2P_C_nan_nan_12_ASP,AQVINTFDGVADYLQTYHKLPDNYITKSEAQALGWVASKGNLADVAPGKSIGGDIFSNREGKLPGKSGRTWREADINYTSGFRNSDRILYSSDWLIYKTTDHYQTFTKIR,False,True
3.3,21,1A2P_C_nan_nan_22_ASP,AQVINTFDGVADYLQTYHKLPDNYITKSEAQALGWVASKGNLADVAPGKSIGGDIFSNREGKLPGKSGRTWREADINYTSGFRNSDRILYSSDWLIYKTTDHYQTFTKIR,False,True
3.0,59,1A2P_C_nan_nan_60_GLU,AQVINTFDGVADYLQTYHKLPDNYITKSEAQALGWVASKGNLADVAPGKSIGGDIFSNREGKLPGKSGRTWREADINYTSGFRNSDRILYSSDWLIYKTTDHYQTFTKIR,False,True
2.1,72,1A2P_C_nan_nan_73_GLU,AQVINTFDGVADYLQTYHKLPDNYITKSEAQALGWVASKGNLADVAPGKSIGGDIFSNREGKLPGKSGRTWREADINYTSGFRNSDRILYSSDWLIYKTTDHYQTFTKIR,True,False
4.2,85,1A2P_C_nan_nan_86_ASP,AQVINTFDGVADYLQTYHKLPDNYITKSEAQALGWVASKGNLADVAPGKSIGGDIFSNREGKLPGKSGRTWREADINYTSGFRNSDRILYSSDWLIYKTTDHYQTFTKIR,True,False
3.3,109,1A2P_B_nan_nan_110_CTR,AQVINTFDGVADYLQTYHKLPDNYITKSEAQALGWVASKGNLADVAPGKSIGGDIFSNREGKLPGKSGRTWREADINYTSGFRNSDRILYSSDWLIYKTTDHYQTFTKIR,True,False
2.49,20,1BEG_A_nan_nan_21_ASP,TACTATQQTAAYKTLVSILSDASFNQCSTDSGYSMLTAKALPTTAQYKLMCASTACNTMIKKIVTLNPPNCDLTVPTSGLVLNVYSYANGFSNKCSSL,True,False
10.1,60,1BEG_A_nan_nan_61_LYS,TACTATQQTAAYKTLVSILSDASFNQCSTDSGYSMLTAKALPTTAQYKLMCASTACNTMIKKIVTLNPPNCDLTVPTSGLVLNVYSYANGFSNKCSSL,False,True
9.4,93,1BEG_A_nan_nan_94_LYS,TACTATQQTAAYKTLVSILSDASFNQCSTDSGYSMLTAKALPTTAQYKLMCASTACNTMIKKIVTLNPPNCDLTVPTSGLVLNVYSYANGFSNKCSSL,False,True
7.43,0,1BEG_A_nan_nan_1_NTR,TACTATQQTAAYKTLVSILSDASFNQCSTDSGYSMLTAKALPTTAQYKLMCASTACNTMIKKIVTLNPPNCDLTVPTSGLVLNVYSYANGFSNKCSSL,False,True
3.51,97,1BEG_A_nan_nan_98_CTR,TACTATQQTAAYKTLVSILSDASFNQCSTDSGYSMLTAKALPTTAQYKLMCASTACNTMIKKIVTLNPPNCDLTVPTSGLVLNVYSYANGFSNKCSSL,True,False
3.7,6,1BHC_J_nan_nan_7_GLU,RPDFCLEPPYTGPCKARIIRYFYNAKAGLCQTFVYGGCRAKRNNFKSAEDCMRTCGGA,True,False
10.6,14,1BHC_J_nan_nan_15_LYS,RPDFCLEPPYTGPCKARIIRYFYNAKAGLCQTFVYGGCRAKRNNFKSAEDCMRTCGGA,False,True
10.6,25,1BHC_J_nan_nan_26_LYS,RPDFCLEPPYTGPCKARIIRYFYNAKAGLCQTFVYGGCRAKRNNFKSAEDCMRTCGGA,False,True
10.8,40,1BHC_J_nan_nan_41_LYS,RPDFCLEPPYTGPCKARIIRYFYNAKAGLCQTFVYGGCRAKRNNFKSAEDCMRTCGGA,False,True
3.8,48,1BHC_J_nan_nan_49_GLU,RPDFCLEPPYTGPCKARIIRYFYNAKAGLCQTFVYGGCRAKRNNFKSAEDCMRTCGGA,True,False
8.1,0,1BPI_A_nan_nan_1_NTR,RPDFCLEPPYTGPCKARIIRYFYNAKAGLCQTFVYGGCRAKRNNFKSAEDCMRTCGGA,False,True
2.9,57,1BPI_A_nan_nan_58_CTR,RPDFCLEPPYTGPCKARIIRYFYNAKAGLCQTFVYGGCRAKRNNFKSAEDCMRTCGGA,False,True
4.1,5,1BUS_A_nan_nan_6_ASP,QGAQVDCAEFKDPKVYCTRESNPHCGSNGETYGNKCAFCKAVMKSGGKINLKHRGKC,True,False
4.5,8,1BUS_A_nan_nan_9_GLU,QGAQVDCAEFKDPKVYCTRESNPHCGSNGETYGNKCAFCKAVMKSGGKINLKHRGKC,True,False
3.6,11,1BUS_A_nan_nan_12_ASP,QGAQVDCAEFKDPKVYCTRESNPHCGSNGETYGNKCAFCKAVMKSGGKINLKHRGKC,True,False
4.4,19,1BUS_A_nan_nan_20_GLU,QGAQVDCAEFKDPKVYCTRESNPHCGSNGETYGNKCAFCKAVMKSGGKINLKHRGKC,True,False
3.54,2,1BVI_B_nan_nan_3_ASP,ACDYTCGSNCYSSSDVSTAQAAGYKLHEDGETVGSNSYPHKYNNYEGFDFSVSSPYYEWPILSSGDVYSGGSPGADRVVFNENNQLAGVITHTGASGNNFVECT,False,True
3.52,14,1BVI_B_nan_nan_15_ASP,ACDYTCGSNCYSSSDVSTAQAAGYKLHEDGETVGSNSYPHKYNNYEGFDFSVSSPYYEWPILSSGDVYSGGSPGADRVVFNENNQLAGVITHTGASGNNFVECT,False,True
5.61,27,1BVI_B_nan_nan_28_GLU,ACDYTCGSNCYSSSDVSTAQAAGYKLHEDGETVGSNSYPHKYNNYEGFDFSVSSPYYEWPILSSGDVYSGGSPGADRVVFNENNQLAGVITHTGASGNNFVECT,False,True
5.36,30,1BVI_B_nan_nan_31_GLU,ACDYTCGSNCYSSSDVSTAQAAGYKLHEDGETVGSNSYPHKYNNYEGFDFSVSSPYYEWPILSSGDVYSGGSPGADRVVFNENNQLAGVITHTGASGNNFVECT,False,True
3.62,45,1BVI_B_nan_nan_46_GLU,ACDYTCGSNCYSSSDVSTAQAAGYKLHEDGETVGSNSYPHKYNNYEGFDFSVSSPYYEWPILSSGDVYSGGSPGADRVVFNENNQLAGVITHTGASGNNFVECT,True,False
4.22,48,1BVI_B_nan_nan_49_ASP,ACDYTCGSNCYSSSDVSTAQAAGYKLHEDGETVGSNSYPHKYNNYEGFDFSVSSPYYEWPILSSGDVYSGGSPGADRVVFNENNQLAGVITHTGASGNNFVECT,False,True
3.96,57,1BVI_B_nan_nan_58_GLU,ACDYTCGSNCYSSSDVSTAQAAGYKLHEDGETVGSNSYPHKYNNYEGFDFSVSSPYYEWPILSSGDVYSGGSPGADRVVFNENNQLAGVITHTGASGNNFVECT,True,False
3.27,81,1BVI_B_nan_nan_82_GLU,ACDYTCGSNCYSSSDVSTAQAAGYKLHEDGETVGSNSYPHKYNNYEGFDFSVSSPYYEWPILSSGDVYSGGSPGADRVVFNENNQLAGVITHTGASGNNFVECT,False,True
7.0,0,1C8C_A_nan_nan_1_NTR,MATVKFKYKGEEKQVDISKIKKVWRVGKMISFTYDEGGGKTGRGAVSEKDAPKELLQMLAKQKK,False,True
3.4,63,1C8C_A_nan_nan_64_CTR,MATVKFKYKGEEKQVDISKIKKVWRVGKMISFTYDEGGGKTGRGAVSEKDAPKELLQMLAKQKK,False,True
4.0,16,1CVO_A_nan_nan_17_GLU,LKCHNTQLPFIYKTCPEGKNLCFKATLKKFPLKFPVKRGCADNCPKNSALLKYVCCSTDKCN,False,True
2.3,58,1CVO_A_nan_nan_59_ASP,LKCHNTQLPFIYKTCPEGKNLCFKATLKKFPLKFPVKRGCADNCPKNSALLKYVCCSTDKCN,True,False
3.9,8,1DE3_A_nan_nan_9_ASP,AVTWTCLNDQKNPKTNKYETKRLLYNQNKAESNSHHAPLSDGKTGSSYPHWFTNGYDGDGKLPKGRTPIKFGKSDCDRPPKHSKDGNGKTDHYLLEFPTFPDGHDYKFDSKKPKENPGPARVIYTYPNKVFCGIIAHTKENQGELKLCSH,True,False
4.3,56,1DE3_A_nan_nan_57_ASP,AVTWTCLNDQKNPKTNKYETKRLLYNQNKAESNSHHAPLSDGKTGSSYPHWFTNGYDGDGKLPKGRTPIKFGKSDCDRPPKHSKDGNGKTDHYLLEFPTFPDGHDYKFDSKKPKENPGPARVIYTYPNKVFCGIIAHTKENQGELKLCSH,False,True
3.9,74,1DE3_A_nan_nan_75_ASP,AVTWTCLNDQKNPKTNKYETKRLLYNQNKAESNSHHAPLSDGKTGSSYPHWFTNGYDGDGKLPKGRTPIKFGKSDCDRPPKHSKDGNGKTDHYLLEFPTFPDGHDYKFDSKKPKENPGPARVIYTYPNKVFCGIIAHTKENQGELKLCSH,True,False
3.7,108,1DE3_A_nan_nan_109_ASP,AVTWTCLNDQKNPKTNKYETKRLLYNQNKAESNSHHAPLSDGKTGSSYPHWFTNGYDGDGKLPKGRTPIKFGKSDCDRPPKHSKDGNGKTDHYLLEFPTFPDGHDYKFDSKKPKENPGPARVIYTYPNKVFCGIIAHTKENQGELKLCSH,False,True
3.9,10,1EGF_A_nan_nan_11_ASP,NSYPGCPSSYDGYCLNGGVCMHIESLDSYTCNCVIGYSGDRCQTRDLRWWELR,False,True
4.1,23,1EGF_A_nan_nan_24_GLU,NSYPGCPSSYDGYCLNGGVCMHIESLDSYTCNCVIGYSGDRCQTRDLRWWELR,False,True
4.0,26,1EGF_A_nan_nan_27_ASP,NSYPGCPSSYDGYCLNGGVCMHIESLDSYTCNCVIGYSGDRCQTRDLRWWELR,False,True
3.6,39,1EGF_A_nan_nan_40_ASP,NSYPGCPSSYDGYCLNGGVCMHIESLDSYTCNCVIGYSGDRCQTRDLRWWELR,False,True
7.7,0,1EPH_A_nan_nan_1_NTR,NSYPGCPSSYDGYCLNGGVCMHIESLDSYTCNCVIGYSGDRCQTRDLRWWELR,False,True
3.5,52,1EPH_A_nan_nan_53_CTR,NSYPGCPSSYDGYCLNGGVCMHIESLDSYTCNCVIGYSGDRCQTRDLRWWELR,False,True
4.5,5,1GOA_A_nan_nan_6_GLU,MLKQVEIFTDGSCLGNPGPGGYGAILRYRGREKTFSAGYTRTTNNRMELMAAIVALEALKEHCEVILSTDSQYVRQGITQWIHNWKKRGWKTADKKPVKNVDLWQRLDAALGQHQIKWEWVKGHAGHPENERCDELARAAAMNPTLEDTGYQVEV,True,False
6.1,9,1GOA_A_nan_nan_10_ASP,MLKQVEIFTDGSCLGNPGPGGYGAILRYRGREKTFSAGYTRTTNNRMELMAAIVALEALKEHCEVILSTDSQYVRQGITQWIHNWKKRGWKTADKKPVKNVDLWQRLDAALGQHQIKWEWVKGHAGHPENERCDELARAAAMNPTLEDTGYQVEV,True,False
4.4,47,1GOA_A_nan_nan_48_GLU,MLKQVEIFTDGSCLGNPGPGGYGAILRYRGREKTFSAGYTRTTNNRMELMAAIVALEALKEHCEVILSTDSQYVRQGITQWIHNWKKRGWKTADKKPVKNVDLWQRLDAALGQHQIKWEWVKGHAGHPENERCDELARAAAMNPTLEDTGYQVEV,True,False
3.9,60,1GOA_A_nan_nan_61_GLU,MLKQVEIFTDGSCLGNPGPGGYGAILRYRGREKTFSAGYTRTTNNRMELMAAIVALEALKEHCEVILSTDSQYVRQGITQWIHNWKKRGWKTADKKPVKNVDLWQRLDAALGQHQIKWEWVKGHAGHPENERCDELARAAAMNPTLEDTGYQVEV,False,True
4.4,63,1GOA_A_nan_nan_64_GLU,MLKQVEIFTDGSCLGNPGPGGYGAILRYRGREKTFSAGYTRTTNNRMELMAAIVALEALKEHCEVILSTDSQYVRQGITQWIHNWKKRGWKTADKKPVKNVDLWQRLDAALGQHQIKWEWVKGHAGHPENERCDELARAAAMNPTLEDTGYQVEV,False,True
2.6,69,1GOA_A_nan_nan_70_ASP,MLKQVEIFTDGSCLGNPGPGGYGAILRYRGREKTFSAGYTRTTNNRMELMAAIVALEALKEHCEVILSTDSQYVRQGITQWIHNWKKRGWKTADKKPVKNVDLWQRLDAALGQHQIKWEWVKGHAGHPENERCDELARAAAMNPTLEDTGYQVEV,True,False
3.2,93,1GOA_A_nan_nan_94_ASP,MLKQVEIFTDGSCLGNPGPGGYGAILRYRGREKTFSAGYTRTTNNRMELMAAIVALEALKEHCEVILSTDSQYVRQGITQWIHNWKKRGWKTADKKPVKNVDLWQRLDAALGQHQIKWEWVKGHAGHPENERCDELARAAAMNPTLEDTGYQVEV,False,True
3.2,107,1GOA_A_nan_nan_108_ASP,MLKQVEIFTDGSCLGNPGPGGYGAILRYRGREKTFSAGYTRTTNNRMELMAAIVALEALKEHCEVILSTDSQYVRQGITQWIHNWKKRGWKTADKKPVKNVDLWQRLDAALGQHQIKWEWVKGHAGHPENERCDELARAAAMNPTLEDTGYQVEV,True,False
4.1,118,1GOA_A_nan_nan_119_GLU,MLKQVEIFTDGSCLGNPGPGGYGAILRYRGREKTFSAGYTRTTNNRMELMAAIVALEALKEHCEVILSTDSQYVRQGITQWIHNWKKRGWKTADKKPVKNVDLWQRLDAALGQHQIKWEWVKGHAGHPENERCDELARAAAMNPTLEDTGYQVEV,False,True
3.6,128,1GOA_A_nan_nan_129_GLU,MLKQVEIFTDGSCLGNPGPGGYGAILRYRGREKTFSAGYTRTTNNRMELMAAIVALEALKEHCEVILSTDSQYVRQGITQWIHNWKKRGWKTADKKPVKNVDLWQRLDAALGQHQIKWEWVKGHAGHPENERCDELARAAAMNPTLEDTGYQVEV,True,False
4.3,130,1GOA_A_nan_nan_131_GLU,MLKQVEIFTDGSCLGNPGPGGYGAILRYRGREKTFSAGYTRTTNNRMELMAAIVALEALKEHCEVILSTDSQYVRQGITQWIHNWKKRGWKTADKKPVKNVDLWQRLDAALGQHQIKWEWVKGHAGHPENERCDELARAAAMNPTLEDTGYQVEV,False,True
4.1,133,1GOA_A_nan_nan_134_ASP,MLKQVEIFTDGSCLGNPGPGGYGAILRYRGREKTFSAGYTRTTNNRMELMAAIVALEALKEHCEVILSTDSQYVRQGITQWIHNWKKRGWKTADKKPVKNVDLWQRLDAALGQHQIKWEWVKGHAGHPENERCDELARAAAMNPTLEDTGYQVEV,True,False
4.3,134,1GOA_A_nan_nan_135_GLU,MLKQVEIFTDGSCLGNPGPGGYGAILRYRGREKTFSAGYTRTTNNRMELMAAIVALEALKEHCEVILSTDSQYVRQGITQWIHNWKKRGWKTADKKPVKNVDLWQRLDAALGQHQIKWEWVKGHAGHPENERCDELARAAAMNPTLEDTGYQVEV,False,True
4.2,146,1GOA_A_nan_nan_147_GLU,MLKQVEIFTDGSCLGNPGPGGYGAILRYRGREKTFSAGYTRTTNNRMELMAAIVALEALKEHCEVILSTDSQYVRQGITQWIHNWKKRGWKTADKKPVKNVDLWQRLDAALGQHQIKWEWVKGHAGHPENERCDELARAAAMNPTLEDTGYQVEV,False,True
3.84,4,1H4G_B_nan_nan_5_ASP,EIVTDNSIGNHDGYDYEFWKDSGGSGTMILNHGGTFSAQWNNVNNILFRKGKKFNETQTHQQVGNMSINYGANFQPNGNAYLCVYGWTVDPLVEYYIVDSWGNWRPPGATPKGTITVDGGTYDIYETLRVNQPSIKGIATFKQYWSVRRSKRTSGTISVSNHFRAWENLGMNMGKMYEVALTVEGYQSSGSANVYSNTLRINGNPLS,False,True
3.94,11,1H4G_B_nan_nan_12_ASP,EIVTDNSIGNHDGYDYEFWKDSGGSGTMILNHGGTFSAQWNNVNNILFRKGKKFNETQTHQQVGNMSINYGANFQPNGNAYLCVYGWTVDPLVEYYIVDSWGNWRPPGATPKGTITVDGGTYDIYETLRVNQPSIKGIATFKQYWSVRRSKRTSGTISVSNHFRAWENLGMNMGKMYEVALTVEGYQSSGSANVYSNTLRINGNPLS,False,True
3.35,14,1H4G_B_nan_nan_15_ASP,EIVTDNSIGNHDGYDYEFWKDSGGSGTMILNHGGTFSAQWNNVNNILFRKGKKFNETQTHQQVGNMSINYGANFQPNGNAYLCVYGWTVDPLVEYYIVDSWGNWRPPGATPKGTITVDGGTYDIYETLRVNQPSIKGIATFKQYWSVRRSKRTSGTISVSNHFRAWENLGMNMGKMYEVALTVEGYQSSGSANVYSNTLRINGNPLS,True,False
4.31,16,1H4G_B_nan_nan_17_GLU,EIVTDNSIGNHDGYDYEFWKDSGGSGTMILNHGGTFSAQWNNVNNILFRKGKKFNETQTHQQVGNMSINYGANFQPNGNAYLCVYGWTVDPLVEYYIVDSWGNWRPPGATPKGTITVDGGTYDIYETLRVNQPSIKGIATFKQYWSVRRSKRTSGTISVSNHFRAWENLGMNMGKMYEVALTVEGYQSSGSANVYSNTLRINGNPLS,True,False
3.46,20,1H4G_B_nan_nan_21_ASP,EIVTDNSIGNHDGYDYEFWKDSGGSGTMILNHGGTFSAQWNNVNNILFRKGKKFNETQTHQQVGNMSINYGANFQPNGNAYLCVYGWTVDPLVEYYIVDSWGNWRPPGATPKGTITVDGGTYDIYETLRVNQPSIKGIATFKQYWSVRRSKRTSGTISVSNHFRAWENLGMNMGKMYEVALTVEGYQSSGSANVYSNTLRINGNPLS,False,True
4.55,55,1H4G_B_nan_nan_56_GLU,EIVTDNSIGNHDGYDYEFWKDSGGSGTMILNHGGTFSAQWNNVNNILFRKGKKFNETQTHQQVGNMSINYGANFQPNGNAYLCVYGWTVDPLVEYYIVDSWGNWRPPGATPKGTITVDGGTYDIYETLRVNQPSIKGIATFKQYWSVRRSKRTSGTISVSNHFRAWENLGMNMGKMYEVALTVEGYQSSGSANVYSNTLRINGNPLS,True,False
3.94,93,1H4G_B_nan_nan_94_GLU,EIVTDNSIGNHDGYDYEFWKDSGGSGTMILNHGGTFSAQWNNVNNILFRKGKKFNETQTHQQVGNMSINYGANFQPNGNAYLCVYGWTVDPLVEYYIVDSWGNWRPPGATPKGTITVDGGTYDIYETLRVNQPSIKGIATFKQYWSVRRSKRTSGTISVSNHFRAWENLGMNMGKMYEVALTVEGYQSSGSANVYSNTLRINGNPLS,True,False
4.51,125,1H4G_B_nan_nan_126_GLU,EIVTDNSIGNHDGYDYEFWKDSGGSGTMILNHGGTFSAQWNNVNNILFRKGKKFNETQTHQQVGNMSINYGANFQPNGNAYLCVYGWTVDPLVEYYIVDSWGNWRPPGATPKGTITVDGGTYDIYETLRVNQPSIKGIATFKQYWSVRRSKRTSGTISVSNHFRAWENLGMNMGKMYEVALTVEGYQSSGSANVYSNTLRINGNPLS,False,True
3.58,166,1H4G_B_nan_nan_167_GLU,EIVTDNSIGNHDGYDYEFWKDSGGSGTMILNHGGTFSAQWNNVNNILFRKGKKFNETQTHQQVGNMSINYGANFQPNGNAYLCVYGWTVDPLVEYYIVDSWGNWRPPGATPKGTITVDGGTYDIYETLRVNQPSIKGIATFKQYWSVRRSKRTSGTISVSNHFRAWENLGMNMGKMYEVALTVEGYQSSGSANVYSNTLRINGNPLS,True,False
4.1,177,1H4G_B_nan_nan_178_GLU,EIVTDNSIGNHDGYDYEFWKDSGGSGTMILNHGGTFSAQWNNVNNILFRKGKKFNETQTHQQVGNMSINYGANFQPNGNAYLCVYGWTVDPLVEYYIVDSWGNWRPPGATPKGTITVDGGTYDIYETLRVNQPSIKGIATFKQYWSVRRSKRTSGTISVSNHFRAWENLGMNMGKMYEVALTVEGYQSSGSANVYSNTLRINGNPLS,True,False
6.5,183,1H4G_B_nan_nan_184_GLU,EIVTDNSIGNHDGYDYEFWKDSGGSGTMILNHGGTFSAQWNNVNNILFRKGKKFNETQTHQQVGNMSINYGANFQPNGNAYLCVYGWTVDPLVEYYIVDSWGNWRPPGATPKGTITVDGGTYDIYETLRVNQPSIKGIATFKQYWSVRRSKRTSGTISVSNHFRAWENLGMNMGKMYEVALTVEGYQSSGSANVYSNTLRINGNPLS,True,False
3.54,2,1I0V_A_nan_nan_3_ASP,ACDYTCGSNCYSSSDVSTAQAAGYKLHEDGETVGSNSYPHKYNNYEGFDFSVSSPYYEWPILSSGDVYSGGSPGADRVVFNENNQLAGVITHTGASGNNFVECT,False,True
3.52,14,1I0V_A_nan_nan_15_ASP,ACDYTCGSNCYSSSDVSTAQAAGYKLHEDGETVGSNSYPHKYNNYEGFDFSVSSPYYEWPILSSGDVYSGGSPGADRVVFNENNQLAGVITHTGASGNNFVECT,True,False
4.26,28,1I0V_A_nan_nan_29_ASP,ACDYTCGSNCYSSSDVSTAQAAGYKLHEDGETVGSNSYPHKYNNYEGFDFSVSSPYYEWPILSSGDVYSGGSPGADRVVFNENNQLAGVITHTGASGNNFVECT,False,True
3.9,65,1I0V_A_nan_nan_66_ASP,ACDYTCGSNCYSSSDVSTAQAAGYKLHEDGETVGSNSYPHKYNNYEGFDFSVSSPYYEWPILSSGDVYSGGSPGADRVVFNENNQLAGVITHTGASGNNFVECT,False,True
0.5,75,1I0V_A_nan_nan_76_ASP,ACDYTCGSNCYSSSDVSTAQAAGYKLHEDGETVGSNSYPHKYNNYEGFDFSVSSPYYEWPILSSGDVYSGGSPGADRVVFNENNQLAGVITHTGASGNNFVECT,True,False
4.2,28,1IGC_A_nan_nan_29_GLU,MTPAVTTYKLVINGKTLKGETTTKAVDAETAEKAFKQYANDNGVDGVWTYDDATKTFTVTE,False,True
4.6,31,1IGC_A_nan_nan_32_GLU,MTPAVTTYKLVINGKTLKGETTTKAVDAETAEKAFKQYANDNGVDGVWTYDDATKTFTVTE,True,False
4.4,44,1IGC_A_nan_nan_45_ASP,MTPAVTTYKLVINGKTLKGETTTKAVDAETAEKAFKQYANDNGVDGVWTYDDATKTFTVTE,False,True
3.6,50,1IGC_A_nan_nan_51_ASP,MTPAVTTYKLVINGKTLKGETTTKAVDAETAEKAFKQYANDNGVDGVWTYDDATKTFTVTE,False,True
3.4,51,1IGC_A_nan_nan_52_ASP,MTPAVTTYKLVINGKTLKGETTTKAVDAETAEKAFKQYANDNGVDGVWTYDDATKTFTVTE,False,True
4.2,60,1IGC_A_nan_nan_61_GLU,MTPAVTTYKLVINGKTLKGETTTKAVDAETAEKAFKQYANDNGVDGVWTYDDATKTFTVTE,False,True
2.1,37,1KF3_A_nan_nan_38_ASP,KETAAAKFERQHMDSSTSAASSSNYCNQMMKSRNLTKDRCKPVNTFVHESLADVQAVCSQKNVACKNGQTNCYQSYSTMSITDCRETGSSKYPNCAYKTTQANKHIIVACEGNPYVPVHFDASV,False,True
4.3,48,1KF3_A_nan_nan_49_GLU,KETAAAKFERQHMDSSTSAASSSNYCNQMMKSRNLTKDRCKPVNTFVHESLADVQAVCSQKNVACKNGQTNCYQSYSTMSITDCRETGSSKYPNCAYKTTQANKHIIVACEGNPYVPVHFDASV,True,False
3.3,82,1KF3_A_nan_nan_83_ASP,KETAAAKFERQHMDSSTSAASSSNYCNQMMKSRNLTKDRCKPVNTFVHESLADVQAVCSQKNVACKNGQTNCYQSYSTMSITDCRETGSSKYPNCAYKTTQANKHIIVACEGNPYVPVHFDASV,True,False
4.0,85,1KF3_A_nan_nan_86_GLU,KETAAAKFERQHMDSSTSAASSSNYCNQMMKSRNLTKDRCKPVNTFVHESLADVQAVCSQKNVACKNGQTNCYQSYSTMSITDCRETGSSKYPNCAYKTTQANKHIIVACEGNPYVPVHFDASV,False,True
3.0,120,1KF3_A_nan_nan_121_ASP,KETAAAKFERQHMDSSTSAASSSNYCNQMMKSRNLTKDRCKPVNTFVHESLADVQAVCSQKNVACKNGQTNCYQSYSTMSITDCRETGSSKYPNCAYKTTQANKHIIVACEGNPYVPVHFDASV,True,False
3.44,0,1LNI_A_nan_nan_1_ASP,DVSGTVCLSALPPEATDTLNLIASDGPFPYSQDGVVFQNRESVLPTQSYGYYHEYTVITPGARTRGTRRIITGEATQEDYYTGDHYATFSLIDQTC,False,True
5.02,13,1LNI_A_nan_nan_14_GLU,DVSGTVCLSALPPEATDTLNLIASDGPFPYSQDGVVFQNRESVLPTQSYGYYHEYTVITPGARTRGTRRIITGEATQEDYYTGDHYATFSLIDQTC,True,False
3.72,16,1LNI_A_nan_nan_17_ASP,DVSGTVCLSALPPEATDTLNLIASDGPFPYSQDGVVFQNRESVLPTQSYGYYHEYTVITPGARTRGTRRIITGEATQEDYYTGDHYATFSLIDQTC,False,True
4.14,40,1LNI_A_nan_nan_41_GLU,DVSGTVCLSALPPEATDTLNLIASDGPFPYSQDGVVFQNRESVLPTQSYGYYHEYTVITPGARTRGTRRIITGEATQEDYYTGDHYATFSLIDQTC,False,True
3.47,73,1LNI_A_nan_nan_74_GLU,DVSGTVCLSALPPEATDTLNLIASDGPFPYSQDGVVFQNRESVLPTQSYGYYHEYTVITPGARTRGTRRIITGEATQEDYYTGDHYATFSLIDQTC,False,True
3.13,77,1LNI_A_nan_nan_78_GLU,DVSGTVCLSALPPEATDTLNLIASDGPFPYSQDGVVFQNRESVLPTQSYGYYHEYTVITPGARTRGTRRIITGEATQEDYYTGDHYATFSLIDQTC,True,False
7.37,78,1LNI_A_nan_nan_79_ASP,DVSGTVCLSALPPEATDTLNLIASDGPFPYSQDGVVFQNRESVLPTQSYGYYHEYTVITPGARTRGTRRIITGEATQEDYYTGDHYATFSLIDQTC,True,False
3.01,83,1LNI_A_nan_nan_84_ASP,DVSGTVCLSALPPEATDTLNLIASDGPFPYSQDGVVFQNRESVLPTQSYGYYHEYTVITPGARTRGTRRIITGEATQEDYYTGDHYATFSLIDQTC,False,True
10.8,0,1LSE_A_nan_nan_1_LYS,KVFGRCELAAAMKRHGLDNYRGYSLGNWVCAAKFESNFNTQATNRNTDGSTDYGILQINSRWWCNDGRTPGSRNLCNIPCSALLSSDITASVNCAKKIVSDGNGMNAWVAWRNRCKGTDVQAWIRGCRL,False,True
10.5,12,1LSE_A_nan_nan_13_LYS,KVFGRCELAAAMKRHGLDNYRGYSLGNWVCAAKFESNFNTQATNRNTDGSTDYGILQINSRWWCNDGRTPGSRNLCNIPCSALLSSDITASVNCAKKIVSDGNGMNAWVAWRNRCKGTDVQAWIRGCRL,False,True
10.6,32,1LSE_A_nan_nan_33_LYS,KVFGRCELAAAMKRHGLDNYRGYSLGNWVCAAKFESNFNTQATNRNTDGSTDYGILQINSRWWCNDGRTPGSRNLCNIPCSALLSSDITASVNCAKKIVSDGNGMNAWVAWRNRCKGTDVQAWIRGCRL,False,True
10.8,95,1LSE_A_nan_nan_96_LYS,KVFGRCELAAAMKRHGLDNYRGYSLGNWVCAAKFESNFNTQATNRNTDGSTDYGILQINSRWWCNDGRTPGSRNLCNIPCSALLSSDITASVNCAKKIVSDGNGMNAWVAWRNRCKGTDVQAWIRGCRL,True,False
10.3,96,1LSE_A_nan_nan_97_LYS,KVFGRCELAAAMKRHGLDNYRGYSLGNWVCAAKFESNFNTQATNRNTDGSTDYGILQINSRWWCNDGRTPGSRNLCNIPCSALLSSDITASVNCAKKIVSDGNGMNAWVAWRNRCKGTDVQAWIRGCRL,False,True
10.4,115,1LSE_A_nan_nan_116_LYS,KVFGRCELAAAMKRHGLDNYRGYSLGNWVCAAKFESNFNTQATNRNTDGSTDYGILQINSRWWCNDGRTPGSRNLCNIPCSALLSSDITASVNCAKKIVSDGNGMNAWVAWRNRCKGTDVQAWIRGCRL,False,True
3.2,22,2CI2_I_nan_nan_23_GLU,SSVEKKPEGVNTGAGDRHNLKTEWPELVGKSVEEAKKVILQDKPEAQIIVLPVGTIVTMEYRIDRVRLFVDKLDNIAEVPRVG,False,True
3.3,25,2CI2_I_nan_nan_26_GLU,SSVEKKPEGVNTGAGDRHNLKTEWPELVGKSVEEAKKVILQDKPEAQIIVLPVGTIVTMEYRIDRVRLFVDKLDNIAEVPRVG,False,True
3.8,33,2CI2_I_nan_nan_34_GLU,SSVEKKPEGVNTGAGDRHNLKTEWPELVGKSVEEAKKVILQDKPEAQIIVLPVGTIVTMEYRIDRVRLFVDKLDNIAEVPRVG,False,True
3.9,44,2CI2_I_nan_nan_45_GLU,SSVEKKPEGVNTGAGDRHNLKTEWPELVGKSVEEAKKVILQDKPEAQIIVLPVGTIVTMEYRIDRVRLFVDKLDNIAEVPRVG,False,True
3.5,59,2CI2_I_nan_nan_60_GLU,SSVEKKPEGVNTGAGDRHNLKTEWPELVGKSVEEAKKVILQDKPEAQIIVLPVGTIVTMEYRIDRVRLFVDKLDNIAEVPRVG,False,True
3.8,63,2CI2_I_nan_nan_64_ASP,SSVEKKPEGVNTGAGDRHNLKTEWPELVGKSVEEAKKVILQDKPEAQIIVLPVGTIVTMEYRIDRVRLFVDKLDNIAEVPRVG,True,False
5.0,73,2CI2_I_nan_nan_74_ASP,SSVEKKPEGVNTGAGDRHNLKTEWPELVGKSVEEAKKVILQDKPEAQIIVLPVGTIVTMEYRIDRVRLFVDKLDNIAEVPRVG,False,True
2.4,123,3RN3_A_nan_nan_124_CTR,KETAAAKFERQHMDSSTSAASSSNYCNQMMKSRNLTKDRCKPVNTFVHESLADVQAVCSQKNVACKNGQTNCYQSYSTMSITDCRETGSSKYPNCAYKTTQANKHIIVACEGNPYVPVHFDASV,False,True
3.2,75,4ICB_A_nan_nan_75_CTR,MKSPEELKGIFEKYAAKEGDPNQLSKEELKLLLQTEFPSLLKGPSTLDELFEELDKNGDGEVSFEEFQVLVKKISQ,False,True
6.86,231,1QLP_A_nan_nan_232_CYS,MDPQGDAAQKTDTSHHDQDHPTFNKITPNLAEFAFSLYRQLAHQSNSTNIFFSPVSIATAFAMLSLGTKADTHDEILEGLNFNLTEIPEAQIHEGFQELLRTLNQPDSQLQLTTGNGLFLSEGLKLVDKFLEDVKKLYHSEAFTVNFGDTEEAKKQINDYVEKGTQGKIVDLVKELDRDTVFALVNYIFFKGKWERPFEVKDTEEEDFHVDQVTTVKVPMMKRLGMFNIQHCKKLSSWVLLMKYLGNATAIFFLPDEGKLQHLENELTHDIITKFLENEDRRSASLHLPKLSITGTYDLKSVLGQLGITKVFSNGADLSGVTEEAPLKLSKAVHKAVLTIDEKGTEAAGAMFLEAIPMSIPPEVKFNKPFVFLMIEQNTKSPLFMGKVVNPTQK,True,False
5.4,105,1P5F_A_nan_nan_106_CYS,MASKRALVILAKGAEEMETVIPVDVMRRAGIKVTVAGLAGKDPVQCSRDVVICPDASLEDAKKEGPYDVVVLPGGNLGAQNLSESAAVKEILKEQENRKGLIAAICAGPTALLAHEIGFGSKVTTHPLAKDKMMNGGHYTYSENRVEKDGLILTSRGPGTSFEFALAIVEALNGKEVAAQVKAPLVLKD,True,False
5.6,282,1I0E_A_nan_nan_283_CYS,MPFGNTHNKFKLNYKPEEEYPDLSKHNNHMAKVLTLELYKKLRDKETPSGFTVDDVIQTGVDNPGHPFIMTVGCVAGDEESYEVFKELFDPIISDRHGGYKPTDKHKTDLNHENLKGGDDLDPNYVLSSRVRTGRSIKGYTLPPHCSRGERRAVEKLSVEALNSLTGEFKGKYYPLKSMTEKEQQQLIDDHFLFDKPVSPLLLASGMARDWPDARGIWHNDNKSFLVWVNEEDHLRVISMEKGGNMKEVFRRFCVGLQKIEEIFKKAGHPFMWNQHLGYVLTCPSNLGTGLRGGVHVKLAHLSKHPKFEEILTRLRLQKRGTGGVDTAAVGSVFDVSNADRLGSSEVEQVQLVVDGVKLMVEMEKKLEKGQSIDDMIPAQK,True,False
5.57,214,2HNP_A_nan_nan_215_CYS,MEMEKEFEQIDKSGSWAAIYQDIRHEASDFPCRVAKLPKNKNRNRYRDVSPFDHSRIKLHQEDNDYINASLIKMEEAQRSYILTQGPLPNTCGHFWEMVWEQKSRGVVMLNRVMEKGSLKCAQYWPQKEEKEMIFEDTNLKLTLISEDIKSYYTVRQLELENLTTQETREILHFHYTTWPDFGVPESPASFLNFLFKVRESGSLSPEHGPVVVHCSAGIGRSGTFCLADTCLLLMDKRKDPSSVDIKKVLLEMRKFRMGLIQTADQLRFSYLAVIEGAKFIMGDSSVQDQWKELSHEDLEPPPEHIPPPPRPPKRILEPHN,True,False
4.67,239,1YPT_A_nan_nan_403_CYS,RERPHTSGHHGAGEARATAPSTVSPYGPEARAELSSRLTTLRNTLAPATNDPRYLQACGGEKLNRFRDIQCRRQTAVRADLNANYIQVGNTRTIACQYPLQSQLESHFRMLAENRTPVLAVLASSSEIANQRFGMPDYFRQSGTYGSITVESKMTQQVGLGDGIMADMYTLTIREAGQKTISVPVVHVGNWPDQTAVSSEVTKALASLVDQTAETKRNMYESKGSSAVADDSKLRPVIHCRAGVGRTAQLIGAMCMNDSRNSQLSVEDMVSQMRVQRNGIMVQKDEQLDVLIKLAEGQGRPLLNS,True,False
3.1,20,1UBQ_A_nan_nan_21_ASP,MQIFVKTLTGKTITLEVEPSDTIENVKAKIQDKEGIPPDQQRLIFAGKQLEDGRTLSDYNIQKESTLHLVLRLRGG,True,False
4.3,23,1UBQ_A_nan_nan_24_GLU,MQIFVKTLTGKTITLEVEPSDTIENVKAKIQDKEGIPPDQQRLIFAGKQLEDGRTLSDYNIQKESTLHLVLRLRGG,False,True
3.8,31,1UBQ_A_nan_nan_32_ASP,MQIFVKTLTGKTITLEVEPSDTIENVKAKIQDKEGIPPDQQRLIFAGKQLEDGRTLSDYNIQKESTLHLVLRLRGG,False,True
4.5,33,1UBQ_A_nan_nan_34_GLU,MQIFVKTLTGKTITLEVEPSDTIENVKAKIQDKEGIPPDQQRLIFAGKQLEDGRTLSDYNIQKESTLHLVLRLRGG,False,True
3.8,50,1UBQ_A_nan_nan_51_GLU,MQIFVKTLTGKTITLEVEPSDTIENVKAKIQDKEGIPPDQQRLIFAGKQLEDGRTLSDYNIQKESTLHLVLRLRGG,False,True
3.4,51,1UBQ_A_nan_nan_52_ASP,MQIFVKTLTGKTITLEVEPSDTIENVKAKIQDKEGIPPDQQRLIFAGKQLEDGRTLSDYNIQKESTLHLVLRLRGG,False,True
3.6,57,1UBQ_A_nan_nan_58_ASP,MQIFVKTLTGKTITLEVEPSDTIENVKAKIQDKEGIPPDQQRLIFAGKQLEDGRTLSDYNIQKESTLHLVLRLRGG,False,True
3.19,28,1HPX_A_nan_nan_29_ASP,PQITLWQRPLVTIKIGGQLKEALLDTGADDTVLEEMSLPGRWKPKMIGGIGGFIKVRQYDQILIEICGHKAIGTVLVGPTPVNIIGRNLLTQIGCTLNF,False,True
3.88,29,1HPX_A_nan_nan_30_ASP,PQITLWQRPLVTIKIGGQLKEALLDTGADDTVLEEMSLPGRWKPKMIGGIGGFIKVRQYDQILIEICGHKAIGTVLVGPTPVNIIGRNLLTQIGCTLNF,True,False
2.99,59,1HPX_A_nan_nan_60_ASP,PQITLWQRPLVTIKIGGQLKEALLDTGADDTVLEEMSLPGRWKPKMIGGIGGFIKVRQYDQILIEICGHKAIGTVLVGPTPVNIIGRNLLTQIGCTLNF,False,True
2.68,17,135L_A_nan_nan_18_ASP,KVYGRCELAAAMKRLGLDNYRGYSLGNWVCAAKFESNFNTHATNRNTDGSTDYGILQINSRWWCNDGRTPGSKNLCNIPCSALLSSDITASVNCAKKIASGGNGMNAWVAWRNRCKGTDVHAWIRGCRL,False,True
2.13,86,135L_A_nan_nan_87_ASP,KVYGRCELAAAMKRLGLDNYRGYSLGNWVCAAKFESNFNTHATNRNTDGSTDYGILQINSRWWCNDGRTPGSKNLCNIPCSALLSSDITASVNCAKKIASGGNGMNAWVAWRNRCKGTDVHAWIRGCRL,False,True
2.68,6,135L_A_nan_nan_7_GLU,KVYGRCELAAAMKRLGLDNYRGYSLGNWVCAAKFESNFNTHATNRNTDGSTDYGILQINSRWWCNDGRTPGSKNLCNIPCSALLSSDITASVNCAKKIASGGNGMNAWVAWRNRCKGTDVHAWIRGCRL,False,True
6.06,34,135L_A_nan_nan_35_GLU,KVYGRCELAAAMKRLGLDNYRGYSLGNWVCAAKFESNFNTHATNRNTDGSTDYGILQINSRWWCNDGRTPGSKNLCNIPCSALLSSDITASVNCAKKIASGGNGMNAWVAWRNRCKGTDVHAWIRGCRL,True,False
2.99,7,1DIV_A_nan_nan_8_ASP,MKVIFLKDVKGKGKKGEIKNVADGYANNFLFKQGLAIEATPANLKALEAQKQKEQRQAAEELANAKKLKEQLEKLTVTIPAKAGEGGRLFGSITSKQIAESLQAQHGLKLDKRKIELADAIRALGYTNVPVKLHPEVTATLKVHVTEQK,False,True
3.05,22,1DIV_A_nan_nan_23_ASP,MKVIFLKDVKGKGKKGEIKNVADGYANNFLFKQGLAIEATPANLKALEAQKQKEQRQAAEELANAKKLKEQLEKLTVTIPAKAGEGGRLFGSITSKQIAESLQAQHGLKLDKRKIELADAIRALGYTNVPVKLHPEVTATLKVHVTEQK,False,True
3.57,16,1DIV_A_nan_nan_17_GLU,MKVIFLKDVKGKGKKGEIKNVADGYANNFLFKQGLAIEATPANLKALEAQKQKEQRQAAEELANAKKLKEQLEKLTVTIPAKAGEGGRLFGSITSKQIAESLQAQHGLKLDKRKIELADAIRALGYTNVPVKLHPEVTATLKVHVTEQK,False,True
4.21,47,1DIV_A_nan_nan_48_GLU,MKVIFLKDVKGKGKKGEIKNVADGYANNFLFKQGLAIEATPANLKALEAQKQKEQRQAAEELANAKKLKEQLEKLTVTIPAKAGEGGRLFGSITSKQIAESLQAQHGLKLDKRKIELADAIRALGYTNVPVKLHPEVTATLKVHVTEQK,True,False
4.21,53,1DIV_A_nan_nan_54_GLU,MKVIFLKDVKGKGKKGEIKNVADGYANNFLFKQGLAIEATPANLKALEAQKQKEQRQAAEELANAKKLKEQLEKLTVTIPAKAGEGGRLFGSITSKQIAESLQAQHGLKLDKRKIELADAIRALGYTNVPVKLHPEVTATLKVHVTEQK,True,False
4.8,12,1ERT_A_nan_nan_13_GLU,MVKQIESKTAFQEALDAAGDKLVVVDFSATWCGPCKMIKPFFHSLSEKYSNVIFLEVDVDDCQDVASECEVKCMPTFQFFKKGQKVGEFSGANKEKLEATINELV,False,True
4.9,67,1ERT_A_nan_nan_68_GLU,MVKQIESKTAFQEALDAAGDKLVVVDFSATWCGPCKMIKPFFHSLSEKYSNVIFLEVDVDDCQDVASECEVKCMPTFQFFKKGQKVGEFSGANKEKLEATINELV,False,True
4.6,69,1ERT_A_nan_nan_70_GLU,MVKQIESKTAFQEALDAAGDKLVVVDFSATWCGPCKMIKPFFHSLSEKYSNVIFLEVDVDDCQDVASECEVKCMPTFQFFKKGQKVGEFSGANKEKLEATINELV,False,True
3.7,87,1ERT_A_nan_nan_88_GLU,MVKQIESKTAFQEALDAAGDKLVVVDFSATWCGPCKMIKPFFHSLSEKYSNVIFLEVDVDDCQDVASECEVKCMPTFQFFKKGQKVGEFSGANKEKLEATINELV,False,True
3.9,97,1ERT_A_nan_nan_98_GLU,MVKQIESKTAFQEALDAAGDKLVVVDFSATWCGPCKMIKPFFHSLSEKYSNVIFLEVDVDDCQDVASECEVKCMPTFQFFKKGQKVGEFSGANKEKLEATINELV,True,False
4.4,102,1ERT_A_nan_nan_103_GLU,MVKQIESKTAFQEALDAAGDKLVVVDFSATWCGPCKMIKPFFHSLSEKYSNVIFLEVDVDDCQDVASECEVKCMPTFQFFKKGQKVGEFSGANKEKLEATINELV,False,True
3.2,104,1ERT_A_nan_nan_105_CTR,MVKQIESKTAFQEALDAAGDKLVVVDFSATWCGPCKMIKPFFHSLSEKYSNVIFLEVDVDDCQDVASECEVKCMPTFQFFKKGQKVGEFSGANKEKLEATINELV,False,True
3.8,32,1FNA_A_nan_nan_38_GLU,RDLEVVAATPTSLLISWDAPAVTVRYYRITYGETGGNSPVQEFTVPGSKSTATISGLKPGVDYTITVYAVTGRGDSPASSKPISINYRTEI,True,False
3.9,41,1FNA_A_nan_nan_47_GLU,RDLEVVAATPTSLLISWDAPAVTVRYYRITYGETGGNSPVQEFTVPGSKSTATISGLKPGVDYTITVYAVTGRGDSPASSKPISINYRTEI,False,True
4.2,61,1FNA_A_nan_nan_67_ASP,RDLEVVAATPTSLLISWDAPAVTVRYYRITYGETGGNSPVQEFTVPGSKSTATISGLKPGVDYTITVYAVTGRGDSPASSKPISINYRTEI,False,True
3.4,74,1FNA_A_nan_nan_80_ASP,RDLEVVAATPTSLLISWDAPAVTVRYYRITYGETGGNSPVQEFTVPGSKSTATISGLKPGVDYTITVYAVTGRGDSPASSKPISINYRTEI,False,True
4.0,4,1BI6_L_nan_nan_5_GLU,TACSECVCPLR,False,True
3.0,8,1BI6_H_nan_nan_9_ASP,EEYKCYCTDTYSDCPGFCKTCKAEFGKYICLDLISPNDCVK,True,False
3.8,12,1BI6_H_nan_nan_13_ASP,EEYKCYCTDTYSDCPGFCKTCKAEFGKYICLDLISPNDCVK,False,True
3.1,31,1BI6_H_nan_nan_32_ASP,EEYKCYCTDTYSDCPGFCKTCKAEFGKYICLDLISPNDCVK,True,False
3.7,37,1BI6_H_nan_nan_38_ASP,EEYKCYCTDTYSDCPGFCKTCKAEFGKYICLDLISPNDCVK,False,True
3.3,0,1BI6_H_nan_nan_1_GLU,EEYKCYCTDTYSDCPGFCKTCKAEFGKYICLDLISPNDCVK,True,False
4.2,23,1BI6_H_nan_nan_24_GLU,EEYKCYCTDTYSDCPGFCKTCKAEFGKYICLDLISPNDCVK,False,True
11.36,7,2BCA_A_nan_nan_7_LYS,MKSPEELKGIFEKYAAKEGDPNQLSKEELKLLLQTEFPSLLKGGSTLDELFEELDKNGDGEVSFEEFQVLVKKISQ,False,True
11.06,16,2BCA_A_nan_nan_16_LYS,MKSPEELKGIFEKYAAKEGDPNQLSKEELKLLLQTEFPSLLKGGSTLDELFEELDKNGDGEVSFEEFQVLVKKISQ,False,True
4.08,26,2BCA_A_nan_nan_26_GLU,MKSPEELKGIFEKYAAKEGDPNQLSKEELKLLLQTEFPSLLKGGSTLDELFEELDKNGDGEVSFEEFQVLVKKISQ,False,True
10.93,41,2BCA_A_nan_nan_41_LYS,MKSPEELKGIFEKYAAKEGDPNQLSKEELKLLLQTEFPSLLKGGSTLDELFEELDKNGDGEVSFEEFQVLVKKISQ,False,True
12.12,55,2BCA_A_nan_nan_55_LYS,MKSPEELKGIFEKYAAKEGDPNQLSKEELKLLLQTEFPSLLKGGSTLDELFEELDKNGDGEVSFEEFQVLVKKISQ,False,True
10.73,71,2BCA_A_nan_nan_71_LYS,MKSPEELKGIFEKYAAKEGDPNQLSKEELKLLLQTEFPSLLKGGSTLDELFEELDKNGDGEVSFEEFQVLVKKISQ,False,True
11.33,72,2BCA_A_nan_nan_72_LYS,MKSPEELKGIFEKYAAKEGDPNQLSKEELKLLLQTEFPSLLKGGSTLDELFEELDKNGDGEVSFEEFQVLVKKISQ,False,True
3.87,39,1STN_A_nan_nan_40_ASP,ATSTKKLHKEPATLIKAIDGDTVKLMYKGQPMTFRLLLVDTPETKHPKKGVEKYGPEASAFTKKMVENAKKIEVEFDKGQRTDKYGRGLAYIYADGKMVNEALVRQGLAKVAYVYKPNNTHEQHLRKSEAQAKKEKLNIWSEDNADSGQ,False,True
2.16,94,1STN_A_nan_nan_95_ASP,ATSTKKLHKEPATLIKAIDGDTVKLMYKGQPMTFRLLLVDTPETKHPKKGVEKYGPEASAFTKKMVENAKKIEVEFDKGQRTDKYGRGLAYIYADGKMVNEALVRQGLAKVAYVYKPNNTHEQHLRKSEAQAKKEKLNIWSEDNADSGQ,False,True
3.8,142,1STN_A_nan_nan_143_ASP,ATSTKKLHKEPATLIKAIDGDTVKLMYKGQPMTFRLLLVDTPETKHPKKGVEKYGPEASAFTKKMVENAKKIEVEFDKGQRTDKYGRGLAYIYADGKMVNEALVRQGLAKVAYVYKPNNTHEQHLRKSEAQAKKEKLNIWSEDNADSGQ,False,True
2.82,9,1STN_A_nan_nan_10_GLU,ATSTKKLHKEPATLIKAIDGDTVKLMYKGQPMTFRLLLVDTPETKHPKKGVEKYGPEASAFTKKMVENAKKIEVEFDKGQRTDKYGRGLAYIYADGKMVNEALVRQGLAKVAYVYKPNNTHEQHLRKSEAQAKKEKLNIWSEDNADSGQ,True,False
4.32,42,1STN_A_nan_nan_43_GLU,ATSTKKLHKEPATLIKAIDGDTVKLMYKGQPMTFRLLLVDTPETKHPKKGVEKYGPEASAFTKKMVENAKKIEVEFDKGQRTDKYGRGLAYIYADGKMVNEALVRQGLAKVAYVYKPNNTHEQHLRKSEAQAKKEKLNIWSEDNADSGQ,True,False
3.93,51,1STN_A_nan_nan_52_GLU,ATSTKKLHKEPATLIKAIDGDTVKLMYKGQPMTFRLLLVDTPETKHPKKGVEKYGPEASAFTKKMVENAKKIEVEFDKGQRTDKYGRGLAYIYADGKMVNEALVRQGLAKVAYVYKPNNTHEQHLRKSEAQAKKEKLNIWSEDNADSGQ,True,False
3.49,56,1STN_A_nan_nan_57_GLU,ATSTKKLHKEPATLIKAIDGDTVKLMYKGQPMTFRLLLVDTPETKHPKKGVEKYGPEASAFTKKMVENAKKIEVEFDKGQRTDKYGRGLAYIYADGKMVNEALVRQGLAKVAYVYKPNNTHEQHLRKSEAQAKKEKLNIWSEDNADSGQ,False,True
3.76,66,1STN_A_nan_nan_67_GLU,ATSTKKLHKEPATLIKAIDGDTVKLMYKGQPMTFRLLLVDTPETKHPKKGVEKYGPEASAFTKKMVENAKKIEVEFDKGQRTDKYGRGLAYIYADGKMVNEALVRQGLAKVAYVYKPNNTHEQHLRKSEAQAKKEKLNIWSEDNADSGQ,False,True
3.31,72,1STN_A_nan_nan_73_GLU,ATSTKKLHKEPATLIKAIDGDTVKLMYKGQPMTFRLLLVDTPETKHPKKGVEKYGPEASAFTKKMVENAKKIEVEFDKGQRTDKYGRGLAYIYADGKMVNEALVRQGLAKVAYVYKPNNTHEQHLRKSEAQAKKEKLNIWSEDNADSGQ,True,False
3.26,74,1STN_A_nan_nan_75_GLU,ATSTKKLHKEPATLIKAIDGDTVKLMYKGQPMTFRLLLVDTPETKHPKKGVEKYGPEASAFTKKMVENAKKIEVEFDKGQRTDKYGRGLAYIYADGKMVNEALVRQGLAKVAYVYKPNNTHEQHLRKSEAQAKKEKLNIWSEDNADSGQ,True,False
3.81,100,1STN_A_nan_nan_101_GLU,ATSTKKLHKEPATLIKAIDGDTVKLMYKGQPMTFRLLLVDTPETKHPKKGVEKYGPEASAFTKKMVENAKKIEVEFDKGQRTDKYGRGLAYIYADGKMVNEALVRQGLAKVAYVYKPNNTHEQHLRKSEAQAKKEKLNIWSEDNADSGQ,True,False
3.89,121,1STN_A_nan_nan_122_GLU,ATSTKKLHKEPATLIKAIDGDTVKLMYKGQPMTFRLLLVDTPETKHPKKGVEKYGPEASAFTKKMVENAKKIEVEFDKGQRTDKYGRGLAYIYADGKMVNEALVRQGLAKVAYVYKPNNTHEQHLRKSEAQAKKEKLNIWSEDNADSGQ,True,False
3.75,128,1STN_A_nan_nan_129_GLU,ATSTKKLHKEPATLIKAIDGDTVKLMYKGQPMTFRLLLVDTPETKHPKKGVEKYGPEASAFTKKMVENAKKIEVEFDKGQRTDKYGRGLAYIYADGKMVNEALVRQGLAKVAYVYKPNNTHEQHLRKSEAQAKKEKLNIWSEDNADSGQ,True,False
3.76,134,1STN_A_nan_nan_135_GLU,ATSTKKLHKEPATLIKAIDGDTVKLMYKGQPMTFRLLLVDTPETKHPKKGVEKYGPEASAFTKKMVENAKKIEVEFDKGQRTDKYGRGLAYIYADGKMVNEALVRQGLAKVAYVYKPNNTHEQHLRKSEAQAKKEKLNIWSEDNADSGQ,False,True
8.1,0,9RNT_A_nan_nan_1_NTR,ACDYTCGSNCYSSSDVSTAQAAGYKLHEDGETVGSNSYPHKYNNYEGFDFSVSSPYYEWPILSSGDVYSGGSPGADRVVFNENNQLAGVITHTGASGNNFVECT,False,True
10.13,33,1PPF_I_nan_nan_34_LYS,LAAVSVDCSEYPKPACTLEYRPLCGSDNKTYGNKCNFCNAVVESNGTLTLSHFGKC,True,False
11.1,54,1PPF_I_nan_nan_55_LYS,LAAVSVDCSEYPKPACTLEYRPLCGSDNKTYGNKCNFCNAVVESNGTLTLSHFGKC,False,True
2.75,128,2LZT_A_nan_nan_129_CTR,KVFGRCELAAAMKRHGLDNYRGYSLGNWVCAAKFESNFNTQATNRNTDGSTDYGILQINSRWWCNDGRTPGSRNLCNIPCSALLSSDITASVNCAKKIVSDGNGMNAWVAWRNRCKGTDVQAWIRGCRL,False,True
3.5,29,1DSB_A_nan_nan_30_CYS,AQYEDGKQYTTLEKPVAGAPQVLEFFSFFCPHCYQFEEVLHISDNVKKKLPEGVKMTKYHVNFMGGDLGKDLTQAWAVAMALGVEDKVTVPLFEGVQKTQTIRSASDIRDVFINAGIKGEEYDAAWNSFVVKSLVAQQEKAAADVQLRGVPAMFVNGKYQLNPQGMDTSNMDVFVQQYADTVKYLSEKK,True,False
3.8,19,2TRX_A_nan_nan_20_ASP,SDKIIHLTDDSFDTDVLKADGAILVDFWAEWCGPCKMIAPILDEIADEYQGKLTVAKLNIDQNPGTAPKYGIRGIPTLLLFKNGEVAATKVGALSKGQLKEFLDANLA,False,True
7.5,25,2TRX_A_nan_nan_26_ASP,SDKIIHLTDDSFDTDVLKADGAILVDFWAEWCGPCKMIAPILDEIADEYQGKLTVAKLNIDQNPGTAPKYGIRGIPTLLLFKNGEVAATKVGALSKGQLKEFLDANLA,True,False
7.4,0,2TRX_A_nan_nan_1_NTR,SDKIIHLTDDSFDTDVLKADGAILVDFWAEWCGPCKMIAPILDEIADEYQGKLTVAKLNIDQNPGTAPKYGIRGIPTLLLFKNGEVAATKVGALSKGQLKEFLDANLA,False,True
4.5,35,1MEK_A_nan_nan_36_CYS,DAPEEEDHVLVLRKSNFAEALAAHKYLLVEFYAPWCGHCKALAPEYAKAAGKLKAEGSEIRLAKVDATEESDLAQQYGVRGYPTIKFFRNGDTASPKEYTAGREADDIVNWLKKRTGPAA,True,False
4.19,10,1AZP_A_nan_nan_11_GLU,MVKVKFKYKGEEKEVDTSKIKKVWRVGKMVSFTYDDNGKTGRGAVSEKDAPKELLDMLARAEREKK,False,True
4.41,11,1AZP_A_nan_nan_12_GLU,MVKVKFKYKGEEKEVDTSKIKKVWRVGKMVSFTYDDNGKTGRGAVSEKDAPKELLDMLARAEREKK,False,True
4.0,13,1AZP_A_nan_nan_14_GLU,MVKVKFKYKGEEKEVDTSKIKKVWRVGKMVSFTYDDNGKTGRGAVSEKDAPKELLDMLARAEREKK,False,True
2.89,15,1AZP_A_nan_nan_16_ASP,MVKVKFKYKGEEKEVDTSKIKKVWRVGKMVSFTYDDNGKTGRGAVSEKDAPKELLDMLARAEREKK,True,False
3.42,34,1AZP_A_nan_nan_35_ASP,MVKVKFKYKGEEKEVDTSKIKKVWRVGKMVSFTYDDNGKTGRGAVSEKDAPKELLDMLARAEREKK,True,False
3.12,35,1AZP_A_nan_nan_36_ASP,MVKVKFKYKGEEKEVDTSKIKKVWRVGKMVSFTYDDNGKTGRGAVSEKDAPKELLDMLARAEREKK,False,True
3.35,55,1AZP_A_nan_nan_56_ASP,MVKVKFKYKGEEKEVDTSKIKKVWRVGKMVSFTYDDNGKTGRGAVSEKDAPKELLDMLARAEREKK,False,True
3.99,61,1AZP_A_nan_nan_62_GLU,MVKVKFKYKGEEKEVDTSKIKKVWRVGKMVSFTYDDNGKTGRGAVSEKDAPKELLDMLARAEREKK,False,True
4.23,63,1AZP_A_nan_nan_64_GLU,MVKVKFKYKGEEKEVDTSKIKKVWRVGKMVSFTYDDNGKTGRGAVSEKDAPKELLDMLARAEREKK,False,True
4.19,10,1CA5_A_nan_nan_11_GLU,MVKVKFKYKGEEKEVDTSKIKKVWRVGKMVSFTYDDNGKTGRGAVSEKDAPKELLDMLARAEREKK,False,True
4.0,13,1CA5_A_nan_nan_14_GLU,MVKVKFKYKGEEKEVDTSKIKKVWRVGKMVSFTYDDNGKTGRGAVSEKDAPKELLDMLARAEREKK,False,True
4.21,46,1CA5_A_nan_nan_47_GLU,MVKVKFKYKGEEKEVDTSKIKKVWRVGKMVSFTYDDNGKTGRGAVSEKDAPKELLDMLARAEREKK,True,False
3.53,52,1CA5_A_nan_nan_53_GLU,MVKVKFKYKGEEKEVDTSKIKKVWRVGKMVSFTYDDNGKTGRGAVSEKDAPKELLDMLARAEREKK,True,False
4.23,63,1CA5_A_nan_nan_64_GLU,MVKVKFKYKGEEKEVDTSKIKKVWRVGKMVSFTYDDNGKTGRGAVSEKDAPKELLDMLARAEREKK,False,True
3.55,1,1HNG_A_nan_nan_2_ASP,RDSGTVWGALGHGINLNIPNFQMTDDIDEVRWERGSTLVAEFKRKMKPFLKSGAFEILANGDLKIKNLTRDDSGTYNVTVYSTNGTRILNKALDLRILEMVSKPMIYWECSNATLTCEVLEGTDVELKLYQGKEHLRSLRQKTMSYQWTNLRAPFKCKAVNRVSQESEMEVVNCPE,False,True
3.58,25,1HNG_A_nan_nan_26_ASP,RDSGTVWGALGHGINLNIPNFQMTDDIDEVRWERGSTLVAEFKRKMKPFLKSGAFEILANGDLKIKNLTRDDSGTYNVTVYSTNGTRILNKALDLRILEMVSKPMIYWECSNATLTCEVLEGTDVELKLYQGKEHLRSLRQKTMSYQWTNLRAPFKCKAVNRVSQESEMEVVNCPE,False,True
3.57,27,1HNG_A_nan_nan_28_ASP,RDSGTVWGALGHGINLNIPNFQMTDDIDEVRWERGSTLVAEFKRKMKPFLKSGAFEILANGDLKIKNLTRDDSGTYNVTVYSTNGTRILNKALDLRILEMVSKPMIYWECSNATLTCEVLEGTDVELKLYQGKEHLRSLRQKTMSYQWTNLRAPFKCKAVNRVSQESEMEVVNCPE,True,False
4.15,61,1HNG_A_nan_nan_62_ASP,RDSGTVWGALGHGINLNIPNFQMTDDIDEVRWERGSTLVAEFKRKMKPFLKSGAFEILANGDLKIKNLTRDDSGTYNVTVYSTNGTRILNKALDLRILEMVSKPMIYWECSNATLTCEVLEGTDVELKLYQGKEHLRSLRQKTMSYQWTNLRAPFKCKAVNRVSQESEMEVVNCPE,True,False
4.14,71,1HNG_A_nan_nan_72_ASP,RDSGTVWGALGHGINLNIPNFQMTDDIDEVRWERGSTLVAEFKRKMKPFLKSGAFEILANGDLKIKNLTRDDSGTYNVTVYSTNGTRILNKALDLRILEMVSKPMIYWECSNATLTCEVLEGTDVELKLYQGKEHLRSLRQKTMSYQWTNLRAPFKCKAVNRVSQESEMEVVNCPE,True,False
3.87,93,1HNG_A_nan_nan_94_ASP,RDSGTVWGALGHGINLNIPNFQMTDDIDEVRWERGSTLVAEFKRKMKPFLKSGAFEILANGDLKIKNLTRDDSGTYNVTVYSTNGTRILNKALDLRILEMVSKPMIYWECSNATLTCEVLEGTDVELKLYQGKEHLRSLRQKTMSYQWTNLRAPFKCKAVNRVSQESEMEVVNCPE,True,False
4.42,28,1HNG_A_nan_nan_29_GLU,RDSGTVWGALGHGINLNIPNFQMTDDIDEVRWERGSTLVAEFKRKMKPFLKSGAFEILANGDLKIKNLTRDDSGTYNVTVYSTNGTRILNKALDLRILEMVSKPMIYWECSNATLTCEVLEGTDVELKLYQGKEHLRSLRQKTMSYQWTNLRAPFKCKAVNRVSQESEMEVVNCPE,True,False
4.16,32,1HNG_A_nan_nan_33_GLU,RDSGTVWGALGHGINLNIPNFQMTDDIDEVRWERGSTLVAEFKRKMKPFLKSGAFEILANGDLKIKNLTRDDSGTYNVTVYSTNGTRILNKALDLRILEMVSKPMIYWECSNATLTCEVLEGTDVELKLYQGKEHLRSLRQKTMSYQWTNLRAPFKCKAVNRVSQESEMEVVNCPE,True,False
6.73,40,1HNG_A_nan_nan_41_GLU,RDSGTVWGALGHGINLNIPNFQMTDDIDEVRWERGSTLVAEFKRKMKPFLKSGAFEILANGDLKIKNLTRDDSGTYNVTVYSTNGTRILNKALDLRILEMVSKPMIYWECSNATLTCEVLEGTDVELKLYQGKEHLRSLRQKTMSYQWTNLRAPFKCKAVNRVSQESEMEVVNCPE,True,False
3.92,55,1HNG_A_nan_nan_56_GLU,RDSGTVWGALGHGINLNIPNFQMTDDIDEVRWERGSTLVAEFKRKMKPFLKSGAFEILANGDLKIKNLTRDDSGTYNVTVYSTNGTRILNKALDLRILEMVSKPMIYWECSNATLTCEVLEGTDVELKLYQGKEHLRSLRQKTMSYQWTNLRAPFKCKAVNRVSQESEMEVVNCPE,False,True
4.25,98,1HNG_A_nan_nan_99_GLU,RDSGTVWGALGHGINLNIPNFQMTDDIDEVRWERGSTLVAEFKRKMKPFLKSGAFEILANGDLKIKNLTRDDSGTYNVTVYSTNGTRILNKALDLRILEMVSKPMIYWECSNATLTCEVLEGTDVELKLYQGKEHLRSLRQKTMSYQWTNLRAPFKCKAVNRVSQESEMEVVNCPE,True,False
3.11,175,1HNG_A_nan_nan_176_CTR,RDSGTVWGALGHGINLNIPNFQMTDDIDEVRWERGSTLVAEFKRKMKPFLKSGAFEILANGDLKIKNLTRDDSGTYNVTVYSTNGTRILNKALDLRILEMVSKPMIYWECSNATLTCEVLEGTDVELKLYQGKEHLRSLRQKTMSYQWTNLRAPFKCKAVNRVSQESEMEVVNCPE,False,True
4.6,5,2ZTA_A_nan_nan_6_GLU,RMKQLEDKVEELLSKNYHLENEVARLKKLVG,False,True
4.05,10,2ZTA_A_nan_nan_11_GLU,RMKQLEDKVEELLSKNYHLENEVARLKKLVG,False,True
4.38,19,2ZTA_A_nan_nan_20_GLU,RMKQLEDKVEELLSKNYHLENEVARLKKLVG,False,True
11.26,7,2ZTA_A_nan_nan_8_LYS,RMKQLEDKVEELLSKNYHLENEVARLKKLVG,True,False
10.62,14,2ZTA_A_nan_nan_15_LYS,RMKQLEDKVEELLSKNYHLENEVARLKKLVG,False,True
11.1,26,2ZTA_A_nan_nan_27_LYS,RMKQLEDKVEELLSKNYHLENEVARLKKLVG,False,True
10.64,27,2ZTA_A_nan_nan_28_LYS,RMKQLEDKVEELLSKNYHLENEVARLKKLVG,False,True
4.03,30,2ZTA_A_nan_nan_31_CTR,RMKQLEDKVEELLSKNYHLENEVARLKKLVG,False,True
7.88,0,2ZTA_A_nan_nan_1_NTR,RMKQLEDKVEELLSKNYHLENEVARLKKLVG,False,True
1.36,101,1EX3_A_nan_nan_102_ASP,CGVPAIQPVLSGLSRIVNGEEAVPGSWPWQVSLQDKTGFHFCGGSLINENWVVTAAHCGVTTSDVVVAGEFDQGSSSEKIQKLKIAKVFKNSKYNSLTINNDITLLKLSTAASFSQTVSAVCLPSASDDFAAGTTCVTTGWGLTRYTNANTPDRLQQASLPLLSNTNCKKYWGTKIKDAMICAGASGVSSCMGDSGGPLVCKKNGAWTLVGIVSWGSSTCSTSTPGVYARVTALVNWVQQTLAAN,True,False
2.29,193,1EX3_A_nan_nan_194_ASP,CGVPAIQPVLSGLSRIVNGEEAVPGSWPWQVSLQDKTGFHFCGGSLINENWVVTAAHCGVTTSDVVVAGEFDQGSSSEKIQKLKIAKVFKNSKYNSLTINNDITLLKLSTAASFSQTVSAVCLPSASDDFAAGTTCVTTGWGLTRYTNANTPDRLQQASLPLLSNTNCKKYWGTKIKDAMICAGASGVSSCMGDSGGPLVCKKNGAWTLVGIVSWGSSTCSTSTPGVYARVTALVNWVQQTLAAN,True,False
5.4,19,1ANS_A_nan_nan_20_GLU,RSCCPCYWGGCPWGQNCYPEGCSGPKV,False,True
3.3,26,1ANS_A_nan_nan_27_CTR,RSCCPCYWGGCPWGQNCYPEGCSGPKV,False,True
10.5,0,1NFN_A_nan_nan_1_LYS,KVEQAVETEPEPELRQQTEWQSGQRWELALGRFWDYLRWVQTLSEQVQEELLSSQVTQELRALMDETMKELKAYKSELEEQLTPVAEETRARLSKELQAAQARLGADMEDVCGRLVQYRGEVQAMLGQSTEELRVRLASHLRKLRKRLLRDADDLQKRLAVYQAGAREGAERGLSAIRERLGPLVEQGRVR,False,True
10.4,68,1NFN_A_nan_nan_69_LYS,KVEQAVETEPEPELRQQTEWQSGQRWELALGRFWDYLRWVQTLSEQVQEELLSSQVTQELRALMDETMKELKAYKSELEEQLTPVAEETRARLSKELQAAQARLGADMEDVCGRLVQYRGEVQAMLGQSTEELRVRLASHLRKLRKRLLRDADDLQKRLAVYQAGAREGAERGLSAIRERLGPLVEQGRVR,False,True
10.0,71,1NFN_A_nan_nan_72_LYS,KVEQAVETEPEPELRQQTEWQSGQRWELALGRFWDYLRWVQTLSEQVQEELLSSQVTQELRALMDETMKELKAYKSELEEQLTPVAEETRARLSKELQAAQARLGADMEDVCGRLVQYRGEVQAMLGQSTEELRVRLASHLRKLRKRLLRDADDLQKRLAVYQAGAREGAERGLSAIRERLGPLVEQGRVR,False,True
10.1,94,1NFN_A_nan_nan_95_LYS,KVEQAVETEPEPELRQQTEWQSGQRWELALGRFWDYLRWVQTLSEQVQEELLSSQVTQELRALMDETMKELKAYKSELEEQLTPVAEETRARLSKELQAAQARLGADMEDVCGRLVQYRGEVQAMLGQSTEELRVRLASHLRKLRKRLLRDADDLQKRLAVYQAGAREGAERGLSAIRERLGPLVEQGRVR,False,True
9.5,142,1NFN_A_nan_nan_143_LYS,KVEQAVETEPEPELRQQTEWQSGQRWELALGRFWDYLRWVQTLSEQVQEELLSSQVTQELRALMDETMKELKAYKSELEEQLTPVAEETRARLSKELQAAQARLGADMEDVCGRLVQYRGEVQAMLGQSTEELRVRLASHLRKLRKRLLRDADDLQKRLAVYQAGAREGAERGLSAIRERLGPLVEQGRVR,False,True
9.2,145,1NFN_A_nan_nan_146_LYS,KVEQAVETEPEPELRQQTEWQSGQRWELALGRFWDYLRWVQTLSEQVQEELLSSQVTQELRALMDETMKELKAYKSELEEQLTPVAEETRARLSKELQAAQARLGADMEDVCGRLVQYRGEVQAMLGQSTEELRVRLASHLRKLRKRLLRDADDLQKRLAVYQAGAREGAERGLSAIRERLGPLVEQGRVR,False,True
11.1,156,1NFN_A_nan_nan_157_LYS,KVEQAVETEPEPELRQQTEWQSGQRWELALGRFWDYLRWVQTLSEQVQEELLSSQVTQELRALMDETMKELKAYKSELEEQLTPVAEETRARLSKELQAAQARLGADMEDVCGRLVQYRGEVQAMLGQSTEELRVRLASHLRKLRKRLLRDADDLQKRLAVYQAGAREGAERGLSAIRERLGPLVEQGRVR,False,True
9.58,71,1XSN_A_nan_nan_312_LYS,MAQPSSQKATNHNLHITEKLEVLAKAYSVQGDKWRALGYAKAINALKSFHKPVTSYQEACSIPGIGKRMAEKIIEILESGHLRKLDHISESVPVLELFSNIWGAGTKTAQMWYQQGFRSLEDIRSQASLTTQQAIGLKHYSDFLERMPREEATEIEQTVQKAAQAFNSGLLCVACGSYRRGKATCGDVDVLITHPDGRSHRGIFSRLLDSLRQEGFLTDDLVSQEENGQQQKYLGVCRLPGPGRRHRRLDIIVVPYSEFACALLYFTGSAHFNRSMRALAKTKGMSLSEHALSTAVVRNTHGAKVGPGRVLPTPTEKDVFRLLGLPYREPAERDW,True,False
4.82,5,1FMH_A_nan_nan_6_GLU,EVAQLEKEVAQAEAENYQLEQEVAQLEHECG,False,True
4.52,7,1FMH_A_nan_nan_8_GLU,EVAQLEKEVAQAEAENYQLEQEVAQLEHECG,True,False
4.11,14,1FMH_A_nan_nan_15_GLU,EVAQLEKEVAQAEAENYQLEQEVAQLEHECG,True,False
4.41,19,1FMH_A_nan_nan_20_GLU,EVAQLEKEVAQAEAENYQLEQEVAQLEHECG,True,False
4.82,21,1FMH_A_nan_nan_22_GLU,EVAQLEKEVAQAEAENYQLEQEVAQLEHECG,False,True
4.22,0,1FMH_B_nan_nan_1_GLU,EVQALKKRVQALKARNYAAKQKVQALRHKCG,False,True
9.0,78,1HRC_A_nan_nan_79_LYS,GDVEKGKKIFVQKCAQCHTVEKGGKHKTGPNLHGLFGRKTGQAPGFTYTDANKNKGITWKEETLMEYLENPKKYIPGTKMIFAGIKKKTEREDLIAYLKKATNE,False,True
4.25,4,1HIC_A_nan_nan_5_ASP,VVYTDCTESGQNLCLCEGSNVCGQGNKCILGSDGEKNQCVTGEGTPKPQSH,False,True
4.24,32,1HIC_A_nan_nan_33_ASP,VVYTDCTESGQNLCLCEGSNVCGQGNKCILGSDGEKNQCVTGEGTPKPQSH,False,True
4.32,34,1HIC_A_nan_nan_35_GLU,VVYTDCTESGQNLCLCEGSNVCGQGNKCILGSDGEKNQCVTGEGTPKPQSH,False,True
5.6,6,1A91_A_nan_nan_7_ASP,MENLNMDLLYMAAAVMMGLAAIGAAIGIGILGGKFLEGAARQPDLIPLLRTQFFIVMGLVDAIPMIAVGLGLYVMFAVA,True,False
7.1,60,1A91_A_nan_nan_61_ASP,MENLNMDLLYMAAAVMMGLAAIGAAIGIGILGGKFLEGAARQPDLIPLLRTQFFIVMGLVDAIPMIAVGLGLYVMFAVA,True,False
5.5,1,1A91_A_nan_nan_2_GLU,MENLNMDLLYMAAAVMMGLAAIGAAIGIGILGGKFLEGAARQPDLIPLLRTQFFIVMGLVDAIPMIAVGLGLYVMFAVA,True,False
2.41,21,3FT7_B_nan_nan_23_ASP,GRPYKLLNGIKLGVYIPQEWHDRLMEIAKEKNLTLSDVCRLAIKEYLDNHDKQKK,False,True
2.8,36,3FT7_B_nan_nan_38_ASP,GRPYKLLNGIKLGVYIPQEWHDRLMEIAKEKNLTLSDVCRLAIKEYLDNHDKQKK,True,False
2.56,47,3FT7_B_nan_nan_49_ASP,GRPYKLLNGIKLGVYIPQEWHDRLMEIAKEKNLTLSDVCRLAIKEYLDNHDKQKK,False,True
2.88,50,3FT7_B_nan_nan_52_ASP,GRPYKLLNGIKLGVYIPQEWHDRLMEIAKEKNLTLSDVCRLAIKEYLDNHDKQKK,False,True
4.12,18,3FT7_B_nan_nan_20_GLU,GRPYKLLNGIKLGVYIPQEWHDRLMEIAKEKNLTLSDVCRLAIKEYLDNHDKQKK,False,True
3.52,25,3FT7_B_nan_nan_27_GLU,GRPYKLLNGIKLGVYIPQEWHDRLMEIAKEKNLTLSDVCRLAIKEYLDNHDKQKK,False,True
4.59,29,3FT7_B_nan_nan_31_GLU,GRPYKLLNGIKLGVYIPQEWHDRLMEIAKEKNLTLSDVCRLAIKEYLDNHDKQKK,False,True
10.78,4,3FT7_B_nan_nan_6_LYS,GRPYKLLNGIKLGVYIPQEWHDRLMEIAKEKNLTLSDVCRLAIKEYLDNHDKQKK,False,False
11.18,28,3FT7_B_nan_nan_30_LYS,GRPYKLLNGIKLGVYIPQEWHDRLMEIAKEKNLTLSDVCRLAIKEYLDNHDKQKK,False,True
10.43,30,3FT7_B_nan_nan_32_LYS,GRPYKLLNGIKLGVYIPQEWHDRLMEIAKEKNLTLSDVCRLAIKEYLDNHDKQKK,False,True
11.84,43,3FT7_B_nan_nan_45_LYS,GRPYKLLNGIKLGVYIPQEWHDRLMEIAKEKNLTLSDVCRLAIKEYLDNHDKQKK,False,True
11.44,54,3FT7_B_nan_nan_56_LYS,GRPYKLLNGIKLGVYIPQEWHDRLMEIAKEKNLTLSDVCRLAIKEYLDNHDKQKK,False,False
7.76,0,3FT7_B_nan_nan_2_NTR,GRPYKLLNGIKLGVYIPQEWHDRLMEIAKEKNLTLSDVCRLAIKEYLDNHDKQKK,False,False
4.25,6,1NLX_A_nan_nan_407_GLU,MGKATTEEQKLIEDVNASFRAAMATTANVPPADKYKTFEAAFTVSSKRNLADAVSKAPQLVPKLDEVYNAAYNAADHAAPEDKYEAFVLHFSEALRIIAGTPEVHAVKPGA,True,False
3.19,7,1NLX_A_nan_nan_408_GLU,MGKATTEEQKLIEDVNASFRAAMATTANVPPADKYKTFEAAFTVSSKRNLADAVSKAPQLVPKLDEVYNAAYNAADHAAPEDKYEAFVLHFSEALRIIAGTPEVHAVKPGA,True,False
3.5,13,1NLX_A_nan_nan_414_ASP,MGKATTEEQKLIEDVNASFRAAMATTANVPPADKYKTFEAAFTVSSKRNLADAVSKAPQLVPKLDEVYNAAYNAADHAAPEDKYEAFVLHFSEALRIIAGTPEVHAVKPGA,True,False
3.38,32,1NLX_A_nan_nan_433_ASP,MGKATTEEQKLIEDVNASFRAAMATTANVPPADKYKTFEAAFTVSSKRNLADAVSKAPQLVPKLDEVYNAAYNAADHAAPEDKYEAFVLHFSEALRIIAGTPEVHAVKPGA,False,True
2.4,51,1NLX_A_nan_nan_452_ASP,MGKATTEEQKLIEDVNASFRAAMATTANVPPADKYKTFEAAFTVSSKRNLADAVSKAPQLVPKLDEVYNAAYNAADHAAPEDKYEAFVLHFSEALRIIAGTPEVHAVKPGA,True,False
4.8,64,1NLX_A_nan_nan_465_ASP,MGKATTEEQKLIEDVNASFRAAMATTANVPPADKYKTFEAAFTVSSKRNLADAVSKAPQLVPKLDEVYNAAYNAADHAAPEDKYEAFVLHFSEALRIIAGTPEVHAVKPGA,False,True
4.06,65,1NLX_A_nan_nan_466_GLU,MGKATTEEQKLIEDVNASFRAAMATTANVPPADKYKTFEAAFTVSSKRNLADAVSKAPQLVPKLDEVYNAAYNAADHAAPEDKYEAFVLHFSEALRIIAGTPEVHAVKPGA,False,True
3.52,80,1NLX_A_nan_nan_481_GLU,MGKATTEEQKLIEDVNASFRAAMATTANVPPADKYKTFEAAFTVSSKRNLADAVSKAPQLVPKLDEVYNAAYNAADHAAPEDKYEAFVLHFSEALRIIAGTPEVHAVKPGA,False,True
3.06,81,1NLX_A_nan_nan_482_ASP,MGKATTEEQKLIEDVNASFRAAMATTANVPPADKYKTFEAAFTVSSKRNLADAVSKAPQLVPKLDEVYNAAYNAADHAAPEDKYEAFVLHFSEALRIIAGTPEVHAVKPGA,False,True
3.41,20,3WU2_o_nan_nan_23_ASP,QTLTYDDIVGTGLANKCPTLDDTARGAYPIDSSQTYRIARLCLQPTTFLVKEEPKNKRQEAEFVPTKLVTRETTSLDQIQGELKVNSDGSLTFVEEDGIDFQPVTVQMAGGERIPLLFTVKNLVASTQPNVTSITTSTDFKGEFNVPSYRTANFLDPKGRGLASGYDSAIALPQAKEEELARANVKRFSLTKGQISLNVAKVDGRTGEIAGTFESEQLSDDDMGAHEPHEVKIQGVFYASIEPA,False,True
3.06,21,3WU2_o_nan_nan_24_ASP,QTLTYDDIVGTGLANKCPTLDDTARGAYPIDSSQTYRIARLCLQPTTFLVKEEPKNKRQEAEFVPTKLVTRETTSLDQIQGELKVNSDGSLTFVEEDGIDFQPVTVQMAGGERIPLLFTVKNLVASTQPNVTSITTSTDFKGEFNVPSYRTANFLDPKGRGLASGYDSAIALPQAKEEELARANVKRFSLTKGQISLNVAKVDGRTGEIAGTFESEQLSDDDMGAHEPHEVKIQGVFYASIEPA,False,True
3.47,30,3WU2_o_nan_nan_33_ASP,QTLTYDDIVGTGLANKCPTLDDTARGAYPIDSSQTYRIARLCLQPTTFLVKEEPKNKRQEAEFVPTKLVTRETTSLDQIQGELKVNSDGSLTFVEEDGIDFQPVTVQMAGGERIPLLFTVKNLVASTQPNVTSITTSTDFKGEFNVPSYRTANFLDPKGRGLASGYDSAIALPQAKEEELARANVKRFSLTKGQISLNVAKVDGRTGEIAGTFESEQLSDDDMGAHEPHEVKIQGVFYASIEPA,False,True
1.56,87,3WU2_o_nan_nan_90_ASP,QTLTYDDIVGTGLANKCPTLDDTARGAYPIDSSQTYRIARLCLQPTTFLVKEEPKNKRQEAEFVPTKLVTRETTSLDQIQGELKVNSDGSLTFVEEDGIDFQPVTVQMAGGERIPLLFTVKNLVASTQPNVTSITTSTDFKGEFNVPSYRTANFLDPKGRGLASGYDSAIALPQAKEEELARANVKRFSLTKGQISLNVAKVDGRTGEIAGTFESEQLSDDDMGAHEPHEVKIQGVFYASIEPA,True,False
4.89,138,3WU2_o_nan_nan_141_ASP,QTLTYDDIVGTGLANKCPTLDDTARGAYPIDSSQTYRIARLCLQPTTFLVKEEPKNKRQEAEFVPTKLVTRETTSLDQIQGELKVNSDGSLTFVEEDGIDFQPVTVQMAGGERIPLLFTVKNLVASTQPNVTSITTSTDFKGEFNVPSYRTANFLDPKGRGLASGYDSAIALPQAKEEELARANVKRFSLTKGQISLNVAKVDGRTGEIAGTFESEQLSDDDMGAHEPHEVKIQGVFYASIEPA,True,False
4.47,51,3WU2_o_nan_nan_54_GLU,QTLTYDDIVGTGLANKCPTLDDTARGAYPIDSSQTYRIARLCLQPTTFLVKEEPKNKRQEAEFVPTKLVTRETTSLDQIQGELKVNSDGSLTFVEEDGIDFQPVTVQMAGGERIPLLFTVKNLVASTQPNVTSITTSTDFKGEFNVPSYRTANFLDPKGRGLASGYDSAIALPQAKEEELARANVKRFSLTKGQISLNVAKVDGRTGEIAGTFESEQLSDDDMGAHEPHEVKIQGVFYASIEPA,False,True
4.64,81,3WU2_o_nan_nan_84_GLU,QTLTYDDIVGTGLANKCPTLDDTARGAYPIDSSQTYRIARLCLQPTTFLVKEEPKNKRQEAEFVPTKLVTRETTSLDQIQGELKVNSDGSLTFVEEDGIDFQPVTVQMAGGERIPLLFTVKNLVASTQPNVTSITTSTDFKGEFNVPSYRTANFLDPKGRGLASGYDSAIALPQAKEEELARANVKRFSLTKGQISLNVAKVDGRTGEIAGTFESEQLSDDDMGAHEPHEVKIQGVFYASIEPA,False,True
4.99,95,3WU2_o_nan_nan_98_GLU,QTLTYDDIVGTGLANKCPTLDDTARGAYPIDSSQTYRIARLCLQPTTFLVKEEPKNKRQEAEFVPTKLVTRETTSLDQIQGELKVNSDGSLTFVEEDGIDFQPVTVQMAGGERIPLLFTVKNLVASTQPNVTSITTSTDFKGEFNVPSYRTANFLDPKGRGLASGYDSAIALPQAKEEELARANVKRFSLTKGQISLNVAKVDGRTGEIAGTFESEQLSDDDMGAHEPHEVKIQGVFYASIEPA,False,True
2.66,207,3WU2_o_nan_nan_210_GLU,QTLTYDDIVGTGLANKCPTLDDTARGAYPIDSSQTYRIARLCLQPTTFLVKEEPKNKRQEAEFVPTKLVTRETTSLDQIQGELKVNSDGSLTFVEEDGIDFQPVTVQMAGGERIPLLFTVKNLVASTQPNVTSITTSTDFKGEFNVPSYRTANFLDPKGRGLASGYDSAIALPQAKEEELARANVKRFSLTKGQISLNVAKVDGRTGEIAGTFESEQLSDDDMGAHEPHEVKIQGVFYASIEPA,True,False
5.13,215,3WU2_o_nan_nan_218_GLU,QTLTYDDIVGTGLANKCPTLDDTARGAYPIDSSQTYRIARLCLQPTTFLVKEEPKNKRQEAEFVPTKLVTRETTSLDQIQGELKVNSDGSLTFVEEDGIDFQPVTVQMAGGERIPLLFTVKNLVASTQPNVTSITTSTDFKGEFNVPSYRTANFLDPKGRGLASGYDSAIALPQAKEEELARANVKRFSLTKGQISLNVAKVDGRTGEIAGTFESEQLSDDDMGAHEPHEVKIQGVFYASIEPA,False,True
4.2,229,3WU2_o_nan_nan_232_GLU,QTLTYDDIVGTGLANKCPTLDDTARGAYPIDSSQTYRIARLCLQPTTFLVKEEPKNKRQEAEFVPTKLVTRETTSLDQIQGELKVNSDGSLTFVEEDGIDFQPVTVQMAGGERIPLLFTVKNLVASTQPNVTSITTSTDFKGEFNVPSYRTANFLDPKGRGLASGYDSAIALPQAKEEELARANVKRFSLTKGQISLNVAKVDGRTGEIAGTFESEQLSDDDMGAHEPHEVKIQGVFYASIEPA,False,True
4.97,241,3WU2_o_nan_nan_244_GLU,QTLTYDDIVGTGLANKCPTLDDTARGAYPIDSSQTYRIARLCLQPTTFLVKEEPKNKRQEAEFVPTKLVTRETTSLDQIQGELKVNSDGSLTFVEEDGIDFQPVTVQMAGGERIPLLFTVKNLVASTQPNVTSITTSTDFKGEFNVPSYRTANFLDPKGRGLASGYDSAIALPQAKEEELARANVKRFSLTKGQISLNVAKVDGRTGEIAGTFESEQLSDDDMGAHEPHEVKIQGVFYASIEPA,False,True
6.9,33,1AO6_A_nan_nan_34_CYS,DAHKSEVAHRFKDLGEENFKALVLIAFAQYLQQCPFEDHVKLVNEVTEFAKTCVADESAENCDKSLHTLFGDKLCTVATLRETYGEMADCCAKQEPERNECFLQHKDDNPNLPRLVRPEVDVMCTAFHDNEETFLKKYLYEIARRHPYFYAPELLFFAKRYKAAFTECCQAADKAACLLPKLDELRDEGKASSAKQRLKCASLQKFGERAFKAWAVARLSQRFPKAEFAEVSKLVTDLTKVHTECCHGDLLECADDRADLAKYICENQDSISSKLKECCEKPLLEKSHCIAEVENDEMPADLPSLAADFVESKDVCKNYAEAKDVFLGMFLYEYARRHPDYSVVLLLRLAKTYETTLEKCCAAADPHECYAKVFDEFKPLVEEPQNLIKQNCELFEQLGEYKFQNALLVRYTKKVPQVSTPTLVEVSRNLGKVGSKCCKHPEAKRMPCAEDYLSVVLNQLCVLHEKTPVSDRVTKCCTESLVNRRPCFSALEVDETYVPKEFNAETFTFHADICTLSEKERQIKKQTALVELVKHKPKATKEQLKAVMDDFAAFVEKCCKADDKETCFAEEGKKLVAASQAALGL,True,False
3.9,442,P53378_A_nan_nan_443_ASP,MGGEIITLQAGQCGNHVGKFLWSQLAKEHAIGTDGLSQLPDSSTERDDDTKPFFRENSRNKFTPRAIMMDSEPSVIADVENTFRGFFDPRNTWVASDGASAGNSWANGYDIGTRNQDDILNKIDKEIDSTDNFEGFQLLHSVAGGTGSGLGSNLLEALCDRYPKKILTTYSVFPARSSEVVVQSYNTILALRRLIEDSDATVVFDNASLLNISGKVFRNPNIDLQHTNQLISTIISSVTNSIRFPSYMYSSMSSIYSTLIPSPELHFLSPSFTPFTSDYIHDDIAHKGHSSYDVMLDLLDPSNSLVSTAMNNPTYFNVYNTIIGNVEPRQISRAMTKLQQRIKFPSWSSSAMHVNIGRRSPYLPLQPNENEVSGMMLSNMSTVVNVFENACNTFDKVFAKGAFLNNYNVGDLFQSMQNVQDEFAESREVVQSLMEDYVAAEQDSYLDDVLVDDENMVGELEEDLDADGDHKLV,False,False
4.13,446,P53378_A_nan_nan_447_ASP,MGGEIITLQAGQCGNHVGKFLWSQLAKEHAIGTDGLSQLPDSSTERDDDTKPFFRENSRNKFTPRAIMMDSEPSVIADVENTFRGFFDPRNTWVASDGASAGNSWANGYDIGTRNQDDILNKIDKEIDSTDNFEGFQLLHSVAGGTGSGLGSNLLEALCDRYPKKILTTYSVFPARSSEVVVQSYNTILALRRLIEDSDATVVFDNASLLNISGKVFRNPNIDLQHTNQLISTIISSVTNSIRFPSYMYSSMSSIYSTLIPSPELHFLSPSFTPFTSDYIHDDIAHKGHSSYDVMLDLLDPSNSLVSTAMNNPTYFNVYNTIIGNVEPRQISRAMTKLQQRIKFPSWSSSAMHVNIGRRSPYLPLQPNENEVSGMMLSNMSTVVNVFENACNTFDKVFAKGAFLNNYNVGDLFQSMQNVQDEFAESREVVQSLMEDYVAAEQDSYLDDVLVDDENMVGELEEDLDADGDHKLV,False,False
4.26,447,P53378_A_nan_nan_448_ASP,MGGEIITLQAGQCGNHVGKFLWSQLAKEHAIGTDGLSQLPDSSTERDDDTKPFFRENSRNKFTPRAIMMDSEPSVIADVENTFRGFFDPRNTWVASDGASAGNSWANGYDIGTRNQDDILNKIDKEIDSTDNFEGFQLLHSVAGGTGSGLGSNLLEALCDRYPKKILTTYSVFPARSSEVVVQSYNTILALRRLIEDSDATVVFDNASLLNISGKVFRNPNIDLQHTNQLISTIISSVTNSIRFPSYMYSSMSSIYSTLIPSPELHFLSPSFTPFTSDYIHDDIAHKGHSSYDVMLDLLDPSNSLVSTAMNNPTYFNVYNTIIGNVEPRQISRAMTKLQQRIKFPSWSSSAMHVNIGRRSPYLPLQPNENEVSGMMLSNMSTVVNVFENACNTFDKVFAKGAFLNNYNVGDLFQSMQNVQDEFAESREVVQSLMEDYVAAEQDSYLDDVLVDDENMVGELEEDLDADGDHKLV,False,False
4.09,464,P53378_A_nan_nan_465_ASP,MGGEIITLQAGQCGNHVGKFLWSQLAKEHAIGTDGLSQLPDSSTERDDDTKPFFRENSRNKFTPRAIMMDSEPSVIADVENTFRGFFDPRNTWVASDGASAGNSWANGYDIGTRNQDDILNKIDKEIDSTDNFEGFQLLHSVAGGTGSGLGSNLLEALCDRYPKKILTTYSVFPARSSEVVVQSYNTILALRRLIEDSDATVVFDNASLLNISGKVFRNPNIDLQHTNQLISTIISSVTNSIRFPSYMYSSMSSIYSTLIPSPELHFLSPSFTPFTSDYIHDDIAHKGHSSYDVMLDLLDPSNSLVSTAMNNPTYFNVYNTIIGNVEPRQISRAMTKLQQRIKFPSWSSSAMHVNIGRRSPYLPLQPNENEVSGMMLSNMSTVVNVFENACNTFDKVFAKGAFLNNYNVGDLFQSMQNVQDEFAESREVVQSLMEDYVAAEQDSYLDDVLVDDENMVGELEEDLDADGDHKLV,False,False
3.9,468,P53378_A_nan_nan_469_ASP,MGGEIITLQAGQCGNHVGKFLWSQLAKEHAIGTDGLSQLPDSSTERDDDTKPFFRENSRNKFTPRAIMMDSEPSVIADVENTFRGFFDPRNTWVASDGASAGNSWANGYDIGTRNQDDILNKIDKEIDSTDNFEGFQLLHSVAGGTGSGLGSNLLEALCDRYPKKILTTYSVFPARSSEVVVQSYNTILALRRLIEDSDATVVFDNASLLNISGKVFRNPNIDLQHTNQLISTIISSVTNSIRFPSYMYSSMSSIYSTLIPSPELHFLSPSFTPFTSDYIHDDIAHKGHSSYDVMLDLLDPSNSLVSTAMNNPTYFNVYNTIIGNVEPRQISRAMTKLQQRIKFPSWSSSAMHVNIGRRSPYLPLQPNENEVSGMMLSNMSTVVNVFENACNTFDKVFAKGAFLNNYNVGDLFQSMQNVQDEFAESREVVQSLMEDYVAAEQDSYLDDVLVDDENMVGELEEDLDADGDHKLV,False,False
4.68,458,P53378_A_nan_nan_459_GLU,MGGEIITLQAGQCGNHVGKFLWSQLAKEHAIGTDGLSQLPDSSTERDDDTKPFFRENSRNKFTPRAIMMDSEPSVIADVENTFRGFFDPRNTWVASDGASAGNSWANGYDIGTRNQDDILNKIDKEIDSTDNFEGFQLLHSVAGGTGSGLGSNLLEALCDRYPKKILTTYSVFPARSSEVVVQSYNTILALRRLIEDSDATVVFDNASLLNISGKVFRNPNIDLQHTNQLISTIISSVTNSIRFPSYMYSSMSSIYSTLIPSPELHFLSPSFTPFTSDYIHDDIAHKGHSSYDVMLDLLDPSNSLVSTAMNNPTYFNVYNTIIGNVEPRQISRAMTKLQQRIKFPSWSSSAMHVNIGRRSPYLPLQPNENEVSGMMLSNMSTVVNVFENACNTFDKVFAKGAFLNNYNVGDLFQSMQNVQDEFAESREVVQSLMEDYVAAEQDSYLDDVLVDDENMVGELEEDLDADGDHKLV,False,False
4.67,460,P53378_A_nan_nan_461_GLU,MGGEIITLQAGQCGNHVGKFLWSQLAKEHAIGTDGLSQLPDSSTERDDDTKPFFRENSRNKFTPRAIMMDSEPSVIADVENTFRGFFDPRNTWVASDGASAGNSWANGYDIGTRNQDDILNKIDKEIDSTDNFEGFQLLHSVAGGTGSGLGSNLLEALCDRYPKKILTTYSVFPARSSEVVVQSYNTILALRRLIEDSDATVVFDNASLLNISGKVFRNPNIDLQHTNQLISTIISSVTNSIRFPSYMYSSMSSIYSTLIPSPELHFLSPSFTPFTSDYIHDDIAHKGHSSYDVMLDLLDPSNSLVSTAMNNPTYFNVYNTIIGNVEPRQISRAMTKLQQRIKFPSWSSSAMHVNIGRRSPYLPLQPNENEVSGMMLSNMSTVVNVFENACNTFDKVFAKGAFLNNYNVGDLFQSMQNVQDEFAESREVVQSLMEDYVAAEQDSYLDDVLVDDENMVGELEEDLDADGDHKLV,False,False
4.64,461,P53378_A_nan_nan_462_GLU,MGGEIITLQAGQCGNHVGKFLWSQLAKEHAIGTDGLSQLPDSSTERDDDTKPFFRENSRNKFTPRAIMMDSEPSVIADVENTFRGFFDPRNTWVASDGASAGNSWANGYDIGTRNQDDILNKIDKEIDSTDNFEGFQLLHSVAGGTGSGLGSNLLEALCDRYPKKILTTYSVFPARSSEVVVQSYNTILALRRLIEDSDATVVFDNASLLNISGKVFRNPNIDLQHTNQLISTIISSVTNSIRFPSYMYSSMSSIYSTLIPSPELHFLSPSFTPFTSDYIHDDIAHKGHSSYDVMLDLLDPSNSLVSTAMNNPTYFNVYNTIIGNVEPRQISRAMTKLQQRIKFPSWSSSAMHVNIGRRSPYLPLQPNENEVSGMMLSNMSTVVNVFENACNTFDKVFAKGAFLNNYNVGDLFQSMQNVQDEFAESREVVQSLMEDYVAAEQDSYLDDVLVDDENMVGELEEDLDADGDHKLV,False,False
3.49,4,"1YRF_A_D44N,K48M_A_46_ASP",LSNEDFMAVFGMTRSAFANLPLWKQQHLKKEKGLF,False,False
3.1,46,1QT8_A_H26H_A_47_ASP,MNIFEMLRIDEGLRLKIYKDTEGYYHIGIGHLLTKSPSLNAAKSELDKAIGRNTNGVITKDEAEKLFNQDVDAAVRGILRNAKLKPVYDSLDAVRRAALINMVFQMGETGVAGFTNSLRMLQQKRWDEAAVNLAKSRWYNQTPNRAKRVITTFRTGTWDAYKNL,False,False
3.6,60,1QT8_A_H26H_A_61_ASP,MNIFEMLRIDEGLRLKIYKDTEGYYHIGIGHLLTKSPSLNAAKSELDKAIGRNTNGVITKDEAEKLFNQDVDAAVRGILRNAKLKPVYDSLDAVRRAALINMVFQMGETGVAGFTNSLRMLQQKRWDEAAVNLAKSRWYNQTPNRAKRVITTFRTGTWDAYKNL,False,False
3.3,71,1QT8_A_H26H_A_72_ASP,MNIFEMLRIDEGLRLKIYKDTEGYYHIGIGHLLTKSPSLNAAKSELDKAIGRNTNGVITKDEAEKLFNQDVDAAVRGILRNAKLKPVYDSLDAVRRAALINMVFQMGETGVAGFTNSLRMLQQKRWDEAAVNLAKSRWYNQTPNRAKRVITTFRTGTWDAYKNL,False,False
4.0,88,1QT8_A_H26H_A_89_ASP,MNIFEMLRIDEGLRLKIYKDTEGYYHIGIGHLLTKSPSLNAAKSELDKAIGRNTNGVITKDEAEKLFNQDVDAAVRGILRNAKLKPVYDSLDAVRRAALINMVFQMGETGVAGFTNSLRMLQQKRWDEAAVNLAKSRWYNQTPNRAKRVITTFRTGTWDAYKNL,False,False
2.7,91,1QT8_A_H26H_A_92_ASP,MNIFEMLRIDEGLRLKIYKDTEGYYHIGIGHLLTKSPSLNAAKSELDKAIGRNTNGVITKDEAEKLFNQDVDAAVRGILRNAKLKPVYDSLDAVRRAALINMVFQMGETGVAGFTNSLRMLQQKRWDEAAVNLAKSRWYNQTPNRAKRVITTFRTGTWDAYKNL,False,False
3.5,126,1QT8_A_H26H_A_127_ASP,MNIFEMLRIDEGLRLKIYKDTEGYYHIGIGHLLTKSPSLNAAKSELDKAIGRNTNGVITKDEAEKLFNQDVDAAVRGILRNAKLKPVYDSLDAVRRAALINMVFQMGETGVAGFTNSLRMLQQKRWDEAAVNLAKSRWYNQTPNRAKRVITTFRTGTWDAYKNL,False,False
8.43,125,2MGE_A_A125C_A_125_CYS,MVLSEGEWQLVLHVWAKVEADVAGHGQDILIRLFKSHPETLEKFDRFKHLKTEAEMKASEDLKKLGVTVLTALGAILKKKGHHEAELKPLAQSHATKHKIPIKYLEFISEAIIHVLHSRHPGNFGCDAQGAMNKALELFRKDIAAKYKELGYQG,False,False
9.6,77,1NTI_A_E78C_A_78_CYS,SQAEFDKAAEEVKHLKTKPADEEMLFIYSHYKQATVGDINTERPGMLDFKGKAKWDAWNELKGTSKEDAMKAYIDKVCELKKKYGI,False,False
10.9,101,1I7K_A_S114S_A_102_CYS,MASQNRDPAATSVAAARKGAEPSGGAARGPVGKRLQQELMTLMMSGDKGISAFPESDNLFKWVGTIHGAAGTVYEDLRYKLSLEFPSGYPYNAPTVKFLTPCYHPNVDTQGNISLDILKEKWSALYDVRTILLSIQSLLGEPNIDSPLNTHAAELWKNPTAFKKYLQETYSKQVTSQEP,False,False
4.39,3,"1YRF_A_D44N,K48M_A_45_GLU",LSNEDFMAVFGMTRSAFANLPLWKQQHLKKEKGLF,False,False
4.37,30,"1YRF_A_D44N,K48M_A_72_GLU",LSNEDFMAVFGMTRSAFANLPLWKQQHLKKEKGLF,False,False
5.7,95,1DE3_A_H137Q_A_96_GLU,AVTWTCLNDQKNPKTNKYETKRLLYNQNKAESNSHHAPLSDGKTGSSYPHWFTNGYDGDGKLPKGRTPIKFGKSDCDRPPKHSKDGNGKTDHYLLEFPTFPDGHDYKFDSKKPKENPGPARVIYTYPNKVFCGIIAQTKENQGELKLCSH,False,False
6.5,101,1L54_A_K102K_A_102_LYS,MNIFEMLRIDEGLRLKIYKDTEGYYTIGIGHLLTKSPSLNAAKSELDKAIGRNTNGVITKDEAEKLFNQDVDAAVRGILRNAKLKPVYDSLDAVRRAALINKVFQMGETGVAGFTNSLRMLQQKRWDEAAVNLAKSRWYNQTPNRAKRVITTFRTGTWDAYKNL,False,False
